{"type":"PlanScript","dependentArtifacts":null,"hpProvided":true,"category":null,"eTag":null,"created":null,"modified":null,"customAttributes":null,"planType":"deploy","description":"","uri":null,"status":null,"name":"SLES-12-manage-services","id":"9434c5ac-42e3-4677-a031-aa096aeb9962","state":null,"content":"#Start or Stop service.\n!echo \"rcSuSEfirewall2 stop\" >> ./after.local\n\n\n#Enable/Disable SSH\nupload -<<END /tmp/ImageStreamer/ssh_service\n#! /bin/bash\nssh=@SSH:Enabled@\nif [ $ssh == Enabled ]\nthen\necho \"service sshd restart\" >> ./after.local\nelse\necho \"service sshd stop\" >> ./after.local\nfi\nexit 0\nEND\ndownload /tmp/ImageStreamer/ssh_service ./ssh_service\n!source ./ssh_service"}