{"type":"OeBuildPlan","dependentArtifacts":null,"customAttributes":[{"constraints":"{\"options\":[\"Enabled\",\"Disabled\"]}","description":"","name":"SSH","value":"Enabled","type":"option"},{"constraints":"{}","description":"","name":"NewUsers","value":"","type":"string"},{"constraints":"{}","description":"","name":"LvmVolumeName","value":"new_vol","type":"string"},{"constraints":"{\"maxlen\":\"10\"}","description":"","name":"NewUsersPassword","value":"","type":"password"},{"constraints":"{\"options\":[\"1\",\"2\",\"3\",\"4\"]}","description":"","name":"TotalMgmtNICs","value":"1","type":"option"},{"constraints":"{}","description":"","name":"DiskName","value":"/dev/sda","type":"string"},{"constraints":"{\"unit\":\"GiB\"}","description":"","name":"FirstPartitionSize","value":"10","type":"number"},{"constraints":"{\"unit\":\"GiB\"}","description":"","name":"SecondPartitionSize","value":"10","type":"number"},{"constraints":"{}","description":"","name":"LvmVolumeGroupName","value":"new_vol_group","type":"string"},{"constraints":"{}","description":"","name":"LogicalVolumeName","value":"new_vol","type":"string"},{"constraints":"{\"regex\":\"\",\"helpText\":\"\"}","description":"","name":"Gateway","value":"","type":"string"},{"constraints":"{\"helpText\":\"\"}","description":"","name":"DomainName","value":"","type":"fqdn"},{"constraints":"{\"ipv4static\":true,\"ipv4dhcp\":true,\"ipv4disable\":true,\"parameters\":[\"ipaddress\",\"mac\",\"netmask\"]}","description":"","name":"ManagementNIC3","value":null,"type":"nic"},{"constraints":"{\"maxlen\":\"10\"}","description":"","name":"NewRootPassword","value":"","type":"password"},{"constraints":"{\"unit\":\"GiB\"}","description":"","name":"LvmVolumeSize","value":"15","type":"number"},{"constraints":"{\"ipv4static\":true,\"ipv4dhcp\":true,\"ipv4disable\":true,\"parameters\":[\"ipaddress\",\"mac\",\"netmask\"]}","description":"","name":"ManagementNIC4","value":null,"type":"nic"},{"constraints":"{\"ipv4static\":true,\"ipv4dhcp\":true,\"ipv4disable\":true,\"parameters\":[\"ipaddress\",\"mac\",\"netmask\"]}","description":"","name":"ManagementNIC1","value":null,"type":"nic"},{"constraints":"{}","description":"","name":"LogicalVolumeGroupName","value":"new_vol_group","type":"string"},{"constraints":"{\"ipv4static\":true,\"ipv4dhcp\":true,\"ipv4disable\":true,\"parameters\":[\"ipaddress\",\"mac\",\"netmask\"]}","description":"","name":"ManagementNIC2","value":null,"type":"nic"}],"buildStep":[{"planScriptName":"SLES-12-mount-and-validate","planScriptUri":"/rest/plan-scripts/9c01fcf0-2f3d-4b67-95e3-797c4d4e18ad","parameters":null,"serialNumber":"1"},{"planScriptName":"SLES-12-configure-users","planScriptUri":"/rest/plan-scripts/ed6bb006-0891-4ce3-8aee-b6d5882a339a","parameters":null,"serialNumber":"2"},{"planScriptName":"SLES-12-configure-multiple-NICs","planScriptUri":"/rest/plan-scripts/afd471d7-f466-4bc5-99c5-7b92b2dca9f0","parameters":null,"serialNumber":"3"},{"planScriptName":"SLES-12-configure-hostname","planScriptUri":"/rest/plan-scripts/17f9cdb3-3f40-4aac-b2d0-cb15e67f3e35","parameters":null,"serialNumber":"4"},{"planScriptName":"SLES-12-configure-partition-using-LVM","planScriptUri":"/rest/plan-scripts/51da8247-9161-4728-bdfe-48246a50e0c5","parameters":null,"serialNumber":"5"},{"planScriptName":"SLES-12-manage-services","planScriptUri":"/rest/plan-scripts/9434c5ac-42e3-4677-a031-aa096aeb9962","parameters":null,"serialNumber":"6"},{"planScriptName":"SLES-12-unmount","planScriptUri":"/rest/plan-scripts/62b22002-5041-4f81-b19e-46efe6eda57e","parameters":null,"serialNumber":"7"}],"category":null,"eTag":null,"created":null,"modified":null,"etag":null,"hpProvided":true,"buildPlanid":"dd0bd4b3-aabd-48cf-93ee-6b1e4fb805a8","oeBuildPlanType":"deploy","description":"","uri":null,"status":null,"name":"SLES-12-personalize-and-configure-NICs-LVM-BP"}