{"type":"PlanScript","dependentArtifacts":null,"hpProvided":true,"category":null,"eTag":null,"created":null,"modified":null,"customAttributes":null,"planType":"deploy","description":"","uri":null,"status":null,"name":"SLES-12-configure-users","id":"ed6bb006-0891-4ce3-8aee-b6d5882a339a","state":null,"content":"# Change root's password by running with the master custom service\nupload -<<END /tmp/change_root_passwd\n#! /bin/bash\necho \"root:@NewRootPassword@\" | chpasswd\nunlink $0\nEND\n\n#Script to add new user and create password for new user\nupload -<<END /tmp/add_users\n#!/bin/bash\n#Add comments\nsed -i -e '$a\\#Following users have been added from Image Streamer' /etc/passwd\nsed -i -e '$a\\#Following users have been added from Image Streamer' /etc/group\nusers_string=\"@NewUsers@\"\n\n#Users will be added with the same password. On first login users has to change their password.\npassword=@NewUsersPassword@\nIFS=',; ' read -r -a array <<< \"$users_string\"\nfor user in \"${array[@]}\"\ndo\n if [ $(id -u) -eq 0 ]; then\n   egrep \"$user\" /etc/passwd >/dev/null\n   if [ $? -eq 0 ]; then\n     echo \"$user exists!\"\n     exit 1\n   else\n     useradd -m $user\n     echo \"$user:$password\" | chpasswd \n     [ $? -eq 0 ] && echo \"User $user has been added to system!\" || echo \"Failed to add a user!\"\n   fi\n else\n   echo \"Unable to add User\"\n   exit 2\n fi\ndone\nunlink $0\nEND\n\n#Add script to after.local to run at boot time.\n!echo \"sh /tmp/change_root_passwd\" >> ./after.local\n\n#Add script to after.local to run at boot time.\n!echo \"sh /tmp/add_users\" >> ./after.local"}