{"type":"PlanScript","dependentArtifacts":null,"hpProvided":true,"category":null,"eTag":null,"created":null,"modified":null,"customAttributes":null,"planType":"deploy","description":"","uri":null,"status":null,"name":"HPELinux-manage-services","id":"61fba0d6-5174-4f43-a452-3a13a70ecb01","state":null,"content":"#Enable/Disable SSH\nupload -<<END /tmp/ImageStreamer/ssh_service\n#! /bin/bash\nssh=@SSH:Enabled@\nif [ $ssh == Enabled ]\nthen\necho \"service ssh restart\" >> ./rc.local\nelse\necho \"service ssh stop\" >> ./rc.local\nfi\nexit 0\nEND\ndownload /tmp/ImageStreamer/ssh_service ./ssh_service\n!source ./ssh_service"}