{"type":"PlanScript","dependentArtifacts":null,"hpProvided":true,"category":null,"eTag":null,"created":null,"modified":null,"customAttributes":null,"planType":"deploy","description":"","uri":null,"status":null,"name":"HPELinux-configure-multiple-NICs","id":"872cba3a-00f9-49d9-a057-1ead9f93ec6e","state":null,"content":"upload -<<END /etc/init.d/MgmtNIC-configure\n#! /bin/bash\nnet_mac=$1\nnet_ip=$2\nnet_gw=$3\nnet_netmask=$4\n#Check the maching interface name for $net_mac.\ninterfaces=`ls /sys/class/net/`\nfor iface in $interfaces\ndo\n\tmac=`cat /sys/class/net/$iface/address`\n\tif [ ${mac,,} == ${net_mac,,} ]\n\tthen\n\t\tinterface_name=$iface\n\t\techo $interface_name >> /tmp/interface_names\n\tfi\ndone\n\nsed -ie \"\\$aauto $interface_name\" /etc/network/interfaces\n\nif [[ -z $net_ip ]]\nthen\necho \"Configure $interface_name for DHCP\"\n\tsed -ie \"\\$aiface $interface_name inet dhcp\" /etc/network/interfaces\n\nelse\necho \"Configure $interface_name for static.\"\n\tsed -ie \"\\$aiface $interface_name inet static\" /etc/network/interfaces\n\tsed -ie \"\\$a\\        address $net_ip\" /etc/network/interfaces\n\tsed -ie \"\\$a\\        gateway $net_gw\" /etc/network/interfaces\n\tsed -ie \"\\$a\\        netmask $net_netmask\" /etc/network/interfaces\nfi\nexit 0\nEND\n\nupload -<<END /tmp/ImageStreamer/network-configuration\n#! /bin/bash\nNICs_count=@TotalMgmtNICs:1@\nfor i in `seq 1 $NICs_count`\ndo\n\tif [ $i -eq 1 ];then\n\t\tif [[ \"@MgmtNIC1.ipaddress@\" =~ [0-9]*\\.[0-9]*\\.[0-9]*\\.[0-9]* ]]; then\n\t\t\techo \"bash /etc/init.d/MgmtNIC-configure @MgmtNIC1.mac@ @MgmtNIC1.ipaddress@ @MgmtNIC1.gateway@ @MgmtNIC1.netmask@\" >> ./rc.local\n\t\telse\n\t\t\techo \"bash /etc/init.d/MgmtNIC-configure @MgmtNIC1.mac@\" >> ./rc.local\n\t\tfi\n\telif [ $i -eq 2 ];then\n\t\tif [[ \"@MgmtNIC2.ipaddress@\" =~ [0-9]*\\.[0-9]*\\.[0-9]*\\.[0-9]* ]]; then\n\t\t\techo \"bash /etc/init.d/MgmtNIC-configure @MgmtNIC2.mac@ @MgmtNIC2.ipaddress@ @MgmtNIC2.gateway@ @MgmtNIC2.netmask@\" >> ./rc.local\n\t\telse\n\t\t\techo \"bash /etc/init.d/MgmtNIC-configure @MgmtNIC2.mac@\" >> ./rc.local\n\t\tfi\n\telif [ $i -eq 3 ];then\n\t\tif [[ \"@MgmtNIC3.ipaddress@\" =~ [0-9]*\\.[0-9]*\\.[0-9]*\\.[0-9]* ]]; then\n\t\t\techo \"bash /etc/init.d/MgmtNIC-configure @MgmtNIC3.mac@ @MgmtNIC3.ipaddress@ @MgmtNIC3.gateway@ @MgmtNIC3.netmask@\" >> ./rc.local\n\t\telse\n\t\t\techo \"bash /etc/init.d/MgmtNIC-configure @MgmtNIC3.mac@\" >> ./rc.local\n\t\tfi\n\telif [ $i -eq 4 ];then\n\t\tif [[ \"@MgmtNIC4.ipaddress@\" =~ [0-9]*\\.[0-9]*\\.[0-9]*\\.[0-9]* ]]; then\n\t\t\techo \"bash /etc/init.d/MgmtNIC-configure @MgmtNIC4.mac@ @MgmtNIC4.ipaddress@ @MgmtNIC4.gateway@ @MgmtNIC4.netmask@\" >> ./rc.local\n\t\telse\n\t\t\techo \"bash /etc/init.d/MgmtNIC-configure @MgmtNIC4.mac@\" >> ./rc.local\n\t\tfi\n\tfi\ndone\necho \"service networking restart\" >> ./rc.local\necho \"rm -f /etc/init.d/MgmtNIC-configure\" >> ./rc.local\nexit 0\nEND\n\ndownload /tmp/ImageStreamer/network-configuration ./network-configuration\n!source ./network-configuration"}