{"type":"PlanScript","dependentArtifacts":null,"hpProvided":false,"category":null,"eTag":null,"created":null,"modified":null,"customAttributes":null,"planType":"deploy","description":"","uri":null,"status":null,"name":"HPELinux-configure-multiple-NIC-bonding","id":"a4ecbee9-e17e-481e-8893-33886e5afa74","state":null,"content":"#For NIC bonding in HPELinux image should have \"ifenslave\" package installed in it.\n#Child script for NIC bonding.\nupload -<<END /etc/init.d/NIC-bonding\n#! /bin/bash\nbond_name=$1\nnet1_mac=$2\nnet2_mac=$3\nnet1_ip=$4\nnet1_gw=$5\nnet1_netmask=$6\n\n#Check the maching interface names for mac addresses.\ninterfaces=`ls /sys/class/net/`\nfor iface in $interfaces\ndo\n\tmac=`cat /sys/class/net/$iface/address`\n\tif [ ${mac,,} == ${net1_mac,,} ]\n\tthen\n\t\tnic1=$iface\n\telif [ ${mac,,} == ${net2_mac,,} ]\n\tthen\n\t\tnic2=$iface\n\tfi\ndone\n\t\n\ncat <<CONF>>/etc/network/interfaces \n#This file has been altered by Image Streamer.\n\n#$nic1 configuration\nauto $nic1\niface $nic1 inet manual\nbond-master $bond_name\n\n#$nic2 configuration\nauto $nic2\niface $nic2 inet manual\nbond-master $bond_name\n\nCONF\n\n\nif [[ -z $net1_ip ]]\nthen\n\necho \"Configure $bond_name for dhcp.\"\ncat <<CONF>>/etc/network/interfaces \n# Bonding $nic1 & $nic2 to create $bond_name NIC and Configure $bond_name for dhcp.\nauto $bond_name\niface $bond_name inet dhcp\n\nCONF\n\nelse\n\necho \"Configure $bond_name for static.\"\ncat <<CONF>>/etc/network/interfaces \n# Bonding $nic1 & $nic2 to create $bond_name NIC and Configure $bond_name for static.\nauto $bond_name\niface $bond_name inet static\naddress $net1_ip\ngateway $net1_gw\nnetmask $net1_netmask\n\nCONF\n\nfi\nexit 0\nEND\n\n#Parent script for NIC bonding.\nupload -<<END /tmp/ImageStreamer/bonding-configuration\n#! /bin/bash\nbond_count=@TotalNicbondings:1@\nbond0=@FirstNicBondName:bond0@\nbond1=@SecondNicBondName:bond1@\n\n#Add “bonding” at the end of /etc/modules\necho \"echo bonding >> /etc/modules\" >> rc.local\n#Stop networking\necho \"service networking stop\" >> ./rc.local\n#load the bonding kernel module\necho \"modprobe bonding\" >> ./rc.local\n\nfor i in `seq 1 $bond_count`\ndo\n\tif [ $i -eq 1 ];then\n\t\techo \"echo $bond0 > /tmp/interface_names\" >> ./rc.local\n\t\tif [[ \"@Bond0NIC1.ipaddress@\" =~ [0-9]*\\.[0-9]*\\.[0-9]*\\.[0-9]* ]]; then\n\t\t\techo \"bash /etc/init.d/NIC-bonding $bond0 @Bond0NIC1.mac@ @Bond0NIC2.mac@ @Bond0NIC1.ipaddress@ @Bond0NIC1.gateway@ @Bond0NIC1.netmask@\" >> ./rc.local\n\t\telse\n\t\t\techo \"bash /etc/init.d/NIC-bonding $bond0 @Bond0NIC1.mac@ @Bond0NIC2.mac@\" >> ./rc.local\n\t\tfi\n\telif [ $i -eq 2 ];then\n\t\techo \"echo $bond1 >> /tmp/interface_names\" >> ./rc.local\n\t\tif [[ \"@Bond1NIC1.ipaddress@\" =~ [0-9]*\\.[0-9]*\\.[0-9]*\\.[0-9]* ]]; then\n\t\t\techo \"bash /etc/init.d/NIC-bonding $bond1 @Bond1NIC1.mac@ @Bond1NIC2.mac@ @Bond1NIC1.ipaddress@ @Bond1NIC1.gateway@ @Bond1NIC1.netmask@\" >> ./rc.local\n\t\telse\n\t\t\techo \"bash /etc/init.d/NIC-bonding $bond1 @Bond1NIC1.mac@ @Bond1NIC2.mac@\" >> ./rc.local\n\t\tfi\n\tfi\ndone\necho \"rm -rf /etc/init.d/NIC-bonding\" >> ./rc.local\necho \"service networking start\" >> ./rc.local\nEND\n\ndownload /tmp/ImageStreamer/bonding-configuration ./bonding-configuration\n!source ./bonding-configuration"}