{"type":"OeBuildPlan","dependentArtifacts":null,"customAttributes":[{"constraints":"{\"unit\":\"GiB\"}","description":"","name":"LogicalVolumeSize","value":"15","type":"number"},{"constraints":"{\"options\":[\"Enabled\",\"Disabled\"]}","description":"","name":"SSH","value":"Enabled","type":"option"},{"constraints":"{}","description":"","name":"SecondNicBondName","value":"bond1","type":"string"},{"constraints":"{}","description":"","name":"NewUsers","value":"","type":"string"},{"constraints":"{\"maxlen\":\"10\"}","description":"","name":"NewUsersPassword","value":"","type":"password"},{"constraints":"{}","description":"","name":"FirstNicBondName","value":"bond0","type":"string"},{"constraints":"{\"ipv4static\":false,\"ipv4dhcp\":true,\"parameters\":[\"mac\"]}","description":"","name":"Bond0NIC2","value":null,"type":"nic"},{"constraints":"{\"ipv4static\":true,\"ipv4dhcp\":true,\"parameters\":[\"gateway\",\"ipaddress\",\"mac\",\"netmask\"]}","description":"","name":"Bond0NIC1","value":null,"type":"nic"},{"constraints":"{}","description":"","name":"DiskName","value":"/dev/sda","type":"string"},{"constraints":"{\"unit\":\"GiB\"}","description":"","name":"FirstPartitionSize","value":"10","type":"number"},{"constraints":"{\"unit\":\"GiB\"}","description":"","name":"SecondPartitionSize","value":"10","type":"number"},{"constraints":"{\"ipv4static\":true,\"ipv4dhcp\":true,\"parameters\":[\"gateway\",\"ipaddress\",\"mac\",\"netmask\"]}","description":"","name":"Bond1NIC1","value":null,"type":"nic"},{"constraints":"{\"options\":[\"1\",\"2\"]}","description":"","name":"TotalNicbondings","value":"1","type":"option"},{"constraints":"{}","description":"","name":"LogicalVolumeName","value":"new_vol","type":"string"},{"constraints":"{\"helpText\":\"\"}","description":"","name":"DomainName","value":"","type":"fqdn"},{"constraints":"{\"ipType\":\"manage-externally\",\"helpText\":\"\"}","description":"","name":"Gateway","value":"","type":"ipv4"},{"constraints":"{\"ipv4static\":false,\"ipv4dhcp\":true,\"parameters\":[\"mac\"]}","description":"","name":"Bond1NIC2","value":null,"type":"nic"},{"constraints":"{\"maxlen\":\"10\"}","description":"","name":"NewRootPassword","value":"","type":"password"},{"constraints":"{}","description":"","name":"LogicalVolumeGroupName","value":"new_vol_group","type":"string"}],"buildStep":[{"planScriptName":"HPELinux-mount-and-validate","planScriptUri":"/rest/plan-scripts/14fdec71-4790-4678-b5ff-fe734c14e252","serialNumber":"1","parameters":null},{"planScriptName":"HPELinux-configure-users","planScriptUri":"/rest/plan-scripts/25f6f5f2-334a-4e5e-9137-82d81bd16fa4","serialNumber":"2","parameters":null},{"planScriptName":"HPELinux-configure-multiple-NIC-bonding","planScriptUri":"/rest/plan-scripts/a4ecbee9-e17e-481e-8893-33886e5afa74","serialNumber":"3","parameters":null},{"planScriptName":"HPELinux-configure-hostname","planScriptUri":"/rest/plan-scripts/52472b6c-d6d6-4133-ad5f-34918ca958d4","serialNumber":"4","parameters":null},{"planScriptName":"HPELinux-manage-services","planScriptUri":"/rest/plan-scripts/61fba0d6-5174-4f43-a452-3a13a70ecb01","serialNumber":"5","parameters":null},{"planScriptName":"HPELinux-configure-partition-using-LVM","planScriptUri":"/rest/plan-scripts/19531cbd-02a5-4e2f-9edd-f053c16419fb","serialNumber":"6","parameters":null},{"planScriptName":"HPELinux-unmount","planScriptUri":"/rest/plan-scripts/ac6b5a70-db80-4ca1-876b-b7b71ee207cf","serialNumber":"7","parameters":null}],"category":null,"etag":null,"eTag":null,"created":null,"modified":null,"hpProvided":false,"buildPlanid":"e7987897-2a89-48b2-9933-17f7db12b26d","oeBuildPlanType":"deploy","description":"","uri":null,"status":null,"name":"HPELinux-personalize-and-NIC-bondings-LVM-BP"}