{"type":"PlanScript","dependentArtifacts":null,"hpProvided":true,"category":null,"eTag":null,"created":null,"modified":null,"customAttributes":null,"planType":"deploy","description":"","uri":null,"status":null,"name":"RHEL-7.2-manage-services","id":"134022e4-719a-48d5-b22e-8436c8351b5d","state":null,"content":"#Enable SELINUX\ndownload /etc/selinux/config ./selinux_config\nupload -<<END /tmp/ImageStreamer/Enable_Selinux\n#! /bin/bash\nsed -i '/SELINUX=disabled/c\\SELINUX=enforcing' ./selinux_config\nexit 0\nEND\ndownload /tmp/ImageStreamer/Enable_Selinux ./Enable_Selinux\n!source ./Enable_Selinux\n\nupload ./selinux_config /etc/selinux/config\n\n#Start or Stop service.\n!echo \"service firewalld stop\" >> rc.local\n\n\n#Enable/Disable SSH\nupload -<<END /tmp/ImageStreamer/ssh_service\n#! /bin/bash\nssh=@SSH:Enabled@\nif [ $ssh == Enabled ]\nthen\necho \"service sshd restart\" >> ./rc.local\nelse\necho \"service sshd stop\" >> ./rc.local\nfi\nexit 0\nEND\ndownload /tmp/ImageStreamer/ssh_service ./ssh_service\n!source ./ssh_service"}