{"type":"OeBuildPlan","dependentArtifacts":null,"customAttributes":[{"constraints":"{\"options\":[\"Enabled\",\"Disabled\"]}","description":"","name":"SSH","value":"Enabled","type":"option"},{"constraints":"{}","description":"","name":"FirstNicTeamName","value":"team0","type":"string"},{"constraints":"{\"unit\":\"GiB\"}","description":"","name":"LogicalVolumeSize","value":"15","type":"number"},{"constraints":"{}","description":"","name":"NewUsers","value":"","type":"string"},{"constraints":"{\"maxlen\":\"10\"}","description":"","name":"NewUsersPassword","value":"","type":"password"},{"constraints":"{}","description":"","name":"DiskName","value":"/dev/sda","type":"string"},{"constraints":"{\"unit\":\"GiB\"}","description":"","name":"FirstPartitionSize","value":"10","type":"number"},{"constraints":"{\"ipv4static\":false,\"ipv4dhcp\":true,\"ipv4disable\":true,\"parameters\":[\"mac\"]}","description":"","name":"Team1NIC2","value":null,"type":"nic"},{"constraints":"{\"unit\":\"GiB\"}","description":"","name":"SecondPartitionSize","value":"10","type":"number"},{"constraints":"{\"options\":[\"1\",\"2\"]}","description":"","name":"TotalNicTeamings","value":"1","type":"option"},{"constraints":"{\"ipv4static\":true,\"ipv4dhcp\":true,\"ipv4disable\":true,\"parameters\":[\"gateway\",\"ipaddress\",\"mac\"]}","description":"","name":"Team1NIC1","value":null,"type":"nic"},{"constraints":"{}","description":"","name":"BootstrapLink","value":"","type":"string"},{"constraints":"{\"ipv4static\":false,\"ipv4dhcp\":true,\"ipv4disable\":true,\"parameters\":[\"mac\"]}","description":"","name":"Team0NIC2","value":null,"type":"nic"},{"constraints":"{}","description":"","name":"SecondNicTeamName","value":"team1","type":"string"},{"constraints":"{\"ipv4static\":true,\"ipv4dhcp\":true,\"ipv4disable\":true,\"parameters\":[\"gateway\",\"ipaddress\",\"mac\"]}","description":"","name":"Team0NIC1","value":null,"type":"nic"},{"constraints":"{}","description":"","name":"LogicalVolumeName","value":"new_vol","type":"string"},{"constraints":"{\"helpText\":\"\"}","description":"","name":"DomainName","value":"","type":"fqdn"},{"constraints":"{\"options\":[\"No\",\"Yes\"]}","description":"","name":"UpdateYum","value":"No","type":"option"},{"constraints":"{\"maxlen\":\"10\"}","description":"","name":"NewRootPassword","value":"","type":"password"},{"constraints":"{}","description":"","name":"LogicalVolumeGroupName","value":"new_vol_group","type":"string"}],"buildStep":[{"planScriptName":"RHEL-7.2-mount-and-validate","planScriptUri":"/rest/plan-scripts/522e47ad-5174-48f5-b0e4-3fbdbd37f35c","parameters":null,"serialNumber":"1"},{"planScriptName":"RHEL-7.2-configure-users","planScriptUri":"/rest/plan-scripts/71cea80d-4228-4a9e-8a95-7231fa80b294","parameters":null,"serialNumber":"2"},{"planScriptName":"RHEL-7.2-configure-multiple-NIC-teaming","planScriptUri":"/rest/plan-scripts/1881aded-fbee-43ef-870a-32e16efea4ca","parameters":null,"serialNumber":"3"},{"planScriptName":"RHEL-7.2-configure-hostname","planScriptUri":"/rest/plan-scripts/7ad1dac1-f3a9-4ce3-9292-6b273c776992","parameters":null,"serialNumber":"4"},{"planScriptName":"RHEL-7.2-manage-services","planScriptUri":"/rest/plan-scripts/134022e4-719a-48d5-b22e-8436c8351b5d","parameters":null,"serialNumber":"5"},{"planScriptName":"RHEL-7.2-configure-partition-using-LVM","planScriptUri":"/rest/plan-scripts/8695bd3a-d5c0-478b-b442-eb1c19c5e874","parameters":null,"serialNumber":"6"},{"planScriptName":"RHEL-7.2-register-rhel","planScriptUri":"/rest/plan-scripts/e11e0edf-d082-47ea-a72f-ee6c79c70bdf","parameters":null,"serialNumber":"7"},{"planScriptName":"RHEL-7.2-unmount","planScriptUri":"/rest/plan-scripts/4cf2b35e-c400-4d74-8228-e8d71f43b33c","parameters":null,"serialNumber":"8"}],"category":null,"eTag":null,"created":null,"modified":null,"etag":null,"hpProvided":true,"buildPlanid":"b2f69935-442a-455e-843c-2a4023c32610","oeBuildPlanType":"deploy","description":"","uri":null,"status":null,"name":"RHEL-7.2-personalize-and-NIC-teamings-reg-rhel-LVM-BP"}