{"type":"PlanScript","dependentArtifacts":null,"hpProvided":true,"category":null,"eTag":null,"created":null,"modified":null,"customAttributes":null,"planType":"general","description":"It removes the temporary directory created during mount and unmounts the root partition.","uri":null,"status":null,"name":"HPELinux-unmount","id":"ac6b5a70-db80-4ca1-876b-b7b71ee207cf","state":null,"content":"!echo \"mv -f /etc/rc.local.backup /etc/rc.local\" >> ./rc.local\n!echo \"exit 0\" >> ./rc.local\n\n#upload rc.local\nupload ./rc.local /etc/rc.local\n#Upload backup file.\nupload ./rc.local.backup /etc/rc.local.backup\n\necho \"####\"\ncat /etc/rc.local\necho \"####\"\n\n#Remove the temporary directpory created\nrm-rf /tmp/ImageStreamer\n\n#unmount the root partition\n\nunmount /"}