{"type":"OeBuildPlan","dependentArtifacts":null,"customAttributes":[{"constraints":"{\"ipv4static\":true,\"ipv4dhcp\":true,\"parameters\":[\"dhcp\",\"gateway\",\"ipaddress\",\"mac\",\"netmask\"]}","description":"","name":"MgmtNIC","value":null,"type":"nic"}],"buildStep":[{"planScriptName":"HPELinux-mount-and-validate","planScriptUri":"/rest/plan-scripts/14fdec71-4790-4678-b5ff-fe734c14e252","serialNumber":"1","parameters":null},{"planScriptName":"HPELinux-configure-NIC","planScriptUri":"/rest/plan-scripts/e397a4d8-965b-4487-b961-38fcb4ce530d","serialNumber":"2","parameters":null},{"planScriptName":"HPELinux-unmount","planScriptUri":"/rest/plan-scripts/ac6b5a70-db80-4ca1-876b-b7b71ee207cf","serialNumber":"3","parameters":null}],"category":null,"etag":null,"eTag":null,"created":null,"modified":null,"hpProvided":true,"buildPlanid":"c53508af-3b04-4734-9e53-1c3c2a46355e","oeBuildPlanType":"deploy","description":"","uri":null,"status":null,"name":"HPELinux-sample-BP"}