{"type":"PlanScript","dependentArtifacts":null,"hpProvided":true,"category":null,"eTag":null,"created":null,"modified":null,"customAttributes":null,"planType":"deploy","description":"","uri":null,"status":null,"name":"HPELinux-configure-NIC","id":"e397a4d8-965b-4487-b961-38fcb4ce530d","state":null,"content":"# Configures the Mgmt NIC.\nupload -<<END /tmp/ImageStreamer/Configure-NIC\n#! /bin/bash\n########################################################\n# TO DO: The NIC.dhcp value is not being expanded correctly it should give some\n# value like DHCP or static depending on the user choice in server profile. Once\n# that defect is fixed the script should be changed. To use a conditional like:\n#      if [ \"@MgmtNIC.dhcp@\" == \"DHCP\" ]; then\n########################################################\nif [[ \"@MgmtNIC.ipaddress@\" =~ [0-9]*\\.[0-9]*\\.[0-9]*\\.[0-9]* ]]; then\n\necho \"Configure network for static IP\"\ncat > ./configure_Nic <<'EOF'\n#! /bin/bash\nnic_mac=@MgmtNIC.mac@\n\n#Check the maching interface name for $nic_mac.\ninterfaces=`ls /sys/class/net/`\nfor iface in $interfaces\ndo\n\tmac=`cat /sys/class/net/$iface/address`\n\tif [ ${mac,,} == ${nic_mac,,} ]\n\tthen\n\t\tinterface_name=$iface\n\t\techo $interface_name\n\tfi\ndone\n\n\n#Configure network and assign static IP\nsed -ie \"\\$aauto $interface_name\" /etc/network/interfaces\n\nsed -ie \"\\$aiface $interface_name inet static\" /etc/network/interfaces\nsed -ie \"\\$a\\        address @MgmtNIC.ipaddress@\" /etc/network/interfaces\nsed -ie \"\\$a\\        gateway @MgmtNIC.gateway@\" /etc/network/interfaces\nsed -ie \"\\$a\\        netmask @MgmtNIC.netmask@\" /etc/network/interfaces\nservice networking restart\nunlink $0\nexit 0\nEOF\n\nelse\n\necho \"Configure network for DHCP\"\ncat > ./configure_Nic <<'EOF'\n#! /bin/bash\nnic_mac=@MgmtNIC.mac@\n\n#Check the maching interface name for $nic_mac.\ninterfaces=`ls /sys/class/net/`\nfor iface in $interfaces\ndo\n\tmac=`cat /sys/class/net/$iface/address`\n\tif [ ${mac,,} == ${nic_mac,,} ]\n\tthen\n\t\tinterface_name=$iface\n\t\techo $interface_name\n\tfi\ndone\n\n\n#Configure network and assign DHCP IP\nsed -ie \"\\$aauto $interface_name\" /etc/network/interfaces\n\nsed -ie \"\\$aiface $interface_name inet dhcp\" /etc/network/interfaces\nservice networking restart\nunlink $0\nexit 0\nEOF\n\nfi\n\nexit 0\nEND\ndownload /tmp/ImageStreamer/Configure-NIC ./Configure-NIC\n!source ./Configure-NIC\n\nupload ./configure_Nic  /etc/init.d/configure_Nic\n\n#Add the generated script to rc.local to run at boot time.\n!echo \"bash /etc/init.d/configure_Nic\" >> ./rc.local"}