{"type":"PlanScript","dependentArtifacts":null,"hpProvided":true,"category":null,"eTag":null,"created":null,"modified":null,"customAttributes":null,"planType":"capture","description":"","uri":null,"status":null,"name":"RHEL-7.3-mount-generalize","id":"481f7e6e-1fec-479c-9a88-be42fa2615ba","state":null,"content":"# List the Volume Group and lvols:\nvgs\nlvs\nlist-filesystems\n\n# Mount the root partition\nmount /dev/rhel/root /\n\n#Create temporary directory\nmkdir-p /tmp/ImageStreamer\n\n#Validate the Image\ndownload /etc/os-release ./os-release\nupload -<<END /tmp/ImageStreamer/validate_image\n#! /bin/bash\nfile=\"./os-release\"\nexp_os='\"Red Hat Enterprise Linux Server\"'\nexp_ver='\"7.3\"'\nif [ -f $file ]\n then\n\tos_name=`cat $file | grep -w \"NAME\" | awk -F'[=]' '{print $2}'`\n\tversion_id=`cat $file | grep \"VERSION_ID\" | awk -F'[=]' '{print $2}'`\n\n\tif [[ $os_name == $exp_os ]]\n\tthen\n\t\t#Validate version \n\t\tif [ $version_id == $exp_ver ]\n\t\tthen\n\t\t\techo \"##########################\"\n\t\t\techo \"Image validation successfully completed!!!\"\n\t\t\techo \"Detected OS: $os_name $version_id\"\n\t\t\techo \"Operating system is matching with the expected Operating System\"\n\t\t\techo \"##########################\"\n\t\telse\n\t\t\techo \"##########################\"\n\t\t\techo \"Image validation failed : Operating system is NOT matching with the expected Operating System\"\n\t\t\techo \"Please ensure that the golden image of Red Hat Enterprise Linux Server 7.3\"\n\t\t\techo \"##########################\"\n\t\t\texit 1\n\t\tfi\n\tfi\nelse\n\techo \"##########################\"\n\techo \"Image validation failed : Operating system is NOT matching with the expected Operating System\"\n\techo \"Please ensure that the golden image of Red Hat Enterprise Linux Server 7.3\"\n\techo \"##########################\"\n\texit 1\nfi\nEND\ndownload /tmp/ImageStreamer/validate_image ./validate_image\n!source ./validate_image"}