{"type":"OeBuildPlan","dependentArtifacts":null,"customAttributes":[],"buildStep":[{"planScriptName":"RHEL-7.3-mount-generalize","planScriptUri":"/rest/plan-scripts/481f7e6e-1fec-479c-9a88-be42fa2615ba","parameters":null,"serialNumber":"1"},{"planScriptName":"RHEL-7.3-generalize-host","planScriptUri":"/rest/plan-scripts/a63d65e3-c4d1-4b55-81f9-4d51556de4ed","parameters":null,"serialNumber":"2"},{"planScriptName":"RHEL-7.3-generalize-users","planScriptUri":"/rest/plan-scripts/b1daf38e-dcb4-4960-acb3-3e747bcebb02","parameters":null,"serialNumber":"3"},{"planScriptName":"RHEL-7.3-generalize-network","planScriptUri":"/rest/plan-scripts/ea09ca1d-21eb-4756-b26b-0521831c0e8f","parameters":null,"serialNumber":"4"},{"planScriptName":"RHEL-7.3-unmount-generalize","planScriptUri":"/rest/plan-scripts/dd5d3bca-8d5d-4dd5-8ca9-eaefd1d0e1b8","parameters":null,"serialNumber":"5"}],"category":null,"eTag":null,"created":null,"modified":null,"etag":null,"hpProvided":true,"buildPlanid":"cd50485e-5aac-408c-ab40-7558b3b589ec","oeBuildPlanType":"capture","description":"","uri":null,"status":null,"name":"RHEL-7.3-generalize"}