{"type":"PlanScript","dependentArtifacts":null,"hpProvided":true,"category":null,"eTag":null,"created":null,"modified":null,"customAttributes":null,"planType":"capture","description":"","uri":null,"status":null,"name":"RHEL-7.3-generalize-network","id":"ea09ca1d-21eb-4756-b26b-0521831c0e8f","state":null,"content":"upload -<<END /tmp/ImageStreamer/gen_network_conf \n#!/bin/bash\nnet_cfg_files=`ls /etc/sysconfig/network-scripts/ | grep -w \"ifcfg\"`\n\nfor net_cfg_file in $net_cfg_files\ndo\n\tif [ $net_cfg_file  != \"ifcfg-lo\" ]\n\tthen\n\t\trm -rf /etc/sysconfig/network-scripts/$net_cfg_file\n\t\techo \"Network interface cfg file $net_cfg_file successfully removed!!!\"\n\tfi\ndone\nexit 0\nEND\n\nchmod 755 /tmp/ImageStreamer/gen_network_conf\ncommand /tmp/ImageStreamer/gen_network_conf"}