{"type":"OeBuildPlan","dependentArtifacts":null,"customAttributes":[{"constraints":"{\"options\":[\"Enabled\",\"Disabled\"]}","description":"","name":"SSH","value":"Enabled","type":"option"},{"constraints":"{\"unit\":\"GiB\"}","description":"","name":"LogicalVolumeSize","value":"15","type":"number"},{"constraints":"{}","description":"","name":"FirstNicTeamName","value":"team0","type":"string"},{"constraints":"{}","description":"","name":"NewUsers","value":"","type":"string"},{"constraints":"{\"maxlen\":\"10\"}","description":"","name":"NewUsersPassword","value":"","type":"password"},{"constraints":"{}","description":"","name":"DiskName","value":"/dev/sda","type":"string"},{"constraints":"{\"unit\":\"GiB\"}","description":"","name":"FirstPartitionSize","value":"10","type":"number"},{"constraints":"{\"ipv4static\":false,\"ipv4dhcp\":true,\"parameters\":[\"mac\"]}","description":"","name":"Team1NIC2","value":null,"type":"nic"},{"constraints":"{\"unit\":\"GiB\"}","description":"","name":"SecondPartitionSize","value":"10","type":"number"},{"constraints":"{\"options\":[\"1\",\"2\"]}","description":"","name":"TotalNicTeamings","value":"1","type":"option"},{"constraints":"{\"ipv4static\":true,\"ipv4dhcp\":true,\"parameters\":[\"gateway\",\"ipaddress\",\"mac\"]}","description":"","name":"Team1NIC1","value":null,"type":"nic"},{"constraints":"{}","description":"","name":"BootstrapLink","value":"","type":"string"},{"constraints":"{}","description":"","name":"SecondNicTeamName","value":"team1","type":"string"},{"constraints":"{\"ipv4static\":false,\"ipv4dhcp\":true,\"parameters\":[\"mac\"]}","description":"","name":"Team0NIC2","value":null,"type":"nic"},{"constraints":"{\"ipv4static\":true,\"ipv4dhcp\":true,\"parameters\":[\"gateway\",\"ipaddress\",\"mac\"]}","description":"","name":"Team0NIC1","value":null,"type":"nic"},{"constraints":"{\"helpText\":\"\"}","description":"","name":"DomainName","value":"","type":"fqdn"},{"constraints":"{}","description":"","name":"LogicalVolumeName","value":"new_vol","type":"string"},{"constraints":"{\"options\":[\"No\",\"Yes\"]}","description":"","name":"UpdateYum","value":"No","type":"option"},{"constraints":"{\"maxlen\":\"10\"}","description":"","name":"NewRootPassword","value":"","type":"password"},{"constraints":"{}","description":"","name":"LogicalVolumeGroupName","value":"new_vol_group","type":"string"}],"buildStep":[{"planScriptName":"RHEL-7.3-mount-and-validate","planScriptUri":"/rest/plan-scripts/cacd415f-2c30-4fbc-b2c9-6d7115cc3319","serialNumber":"1","parameters":null},{"planScriptName":"RHEL-7.3-configure-users","planScriptUri":"/rest/plan-scripts/1817ae93-cdf0-49b6-8450-cf757eebf2fa","serialNumber":"2","parameters":null},{"planScriptName":"RHEL-7.3-configure-multiple-NIC-teaming","planScriptUri":"/rest/plan-scripts/ea18ad1a-87e8-44dc-8f8b-9279923a429f","serialNumber":"3","parameters":null},{"planScriptName":"RHEL-7.3-configure-hostname","planScriptUri":"/rest/plan-scripts/79c0c9b6-d279-4824-8ddb-6200333e8552","serialNumber":"4","parameters":null},{"planScriptName":"RHEL-7.3-manage-services","planScriptUri":"/rest/plan-scripts/225f66f9-02d1-446f-bc7f-7be5f81e61ad","serialNumber":"5","parameters":null},{"planScriptName":"RHEL-7.3-configure-partition-using-LVM","planScriptUri":"/rest/plan-scripts/3b7bfc06-a067-4f01-bea0-b161dd107144","serialNumber":"6","parameters":null},{"planScriptName":"RHEL-7.3-register-rhel","planScriptUri":"/rest/plan-scripts/6d8b0106-e50f-42ce-af7a-f4eb641494a4","serialNumber":"7","parameters":null},{"planScriptName":"RHEL-7.3-unmount","planScriptUri":"/rest/plan-scripts/55bdaa7a-e568-4328-9e5a-32500bc2231f","serialNumber":"8","parameters":null}],"category":null,"etag":null,"eTag":null,"created":null,"modified":null,"hpProvided":false,"buildPlanid":"bc66b379-b4f3-4d45-a1c0-440f23dc5807","oeBuildPlanType":"deploy","description":"","uri":null,"status":null,"name":"RHEL-7.3-personalize-and-NIC-teamings-reg-rhel-LVM-BP"}