{"type":"PlanScript","dependentArtifacts":null,"hpProvided":true,"category":null,"eTag":null,"created":null,"modified":null,"customAttributes":null,"planType":"deploy","description":"","uri":null,"status":null,"name":"RHEL-7.3-configure-multiple-NICs","id":"d0f3e371-c7a2-4486-9fdf-b14a8db54009","state":null,"content":"upload -<<END /tmp/MgmtNIC-configure\n#! /bin/bash\nnet_mac=$1\nnet_ip=$2\nnet_gw=$3\n\n#Check the maching interface name for $net_mac.\ninterfaces=`ls /sys/class/net/`\nfor iface in $interfaces\ndo\n\tmac=`cat /sys/class/net/$iface/address`\n\tif [ ${mac,,} == ${net_mac,,} ]\n\tthen\n\t\tinterface_name=$iface\n\t\techo $interface_name >> /tmp/interface_names\n\tfi\ndone\n\nnmcli con add con-name $interface_name type ethernet ifname $interface_name\n\nif [[ -z $net_ip ]]\nthen\necho \"Configure $interface_name for DHCP\"\n\tnmcli con modify $interface_name ipv4.method auto\n\tnmcli con modify $interface_name connection.autoconnect yes\nelse\necho \"Configure $interface_name for static.\"\n\tnmcli con modify $interface_name ipv4.method manual\n\tnmcli con modify $interface_name ipv4.addresses $net_ip\n\tnmcli con modify $interface_name ipv4.gateway $net_gw\n\tnmcli con modify $interface_name connection.autoconnect yes\nfi\nexit 0\nEND\n\nupload -<<END /tmp/ImageStreamer/network-configuration\n#! /bin/bash\nNICs_count=@TotalMgmtNICs:1@\nfor i in `seq 1 $NICs_count`\ndo\n\tif [ $i -eq 1 ];then\n\t\tif [[ \"@MgmtNIC1.ipaddress@\" =~ [0-9]*\\.[0-9]*\\.[0-9]*\\.[0-9]* ]]; then\n\t\t\techo \"sh /tmp/MgmtNIC-configure @MgmtNIC1.mac@ @MgmtNIC1.ipaddress@ @MgmtNIC1.gateway@\" >> ./rc.local\n\t\telse\n\t\t\techo \"sh /tmp/MgmtNIC-configure @MgmtNIC1.mac@\" >> ./rc.local\n\t\tfi\n\telif [ $i -eq 2 ];then\n\t\tif [[ \"@MgmtNIC2.ipaddress@\" =~ [0-9]*\\.[0-9]*\\.[0-9]*\\.[0-9]* ]]; then\n\t\t\techo \"sh /tmp/MgmtNIC-configure @MgmtNIC2.mac@ @MgmtNIC2.ipaddress@ @MgmtNIC2.gateway@\" >> ./rc.local\n\t\telse\n\t\t\techo \"sh /tmp/MgmtNIC-configure @MgmtNIC2.mac@\" >> ./rc.local\n\t\tfi\n\telif [ $i -eq 3 ];then\n\t\tif [[ \"@MgmtNIC3.ipaddress@\" =~ [0-9]*\\.[0-9]*\\.[0-9]*\\.[0-9]* ]]; then\n\t\t\techo \"sh /tmp/MgmtNIC-configure @MgmtNIC3.mac@ @MgmtNIC3.ipaddress@ @MgmtNIC3.gateway@\" >> ./rc.local\n\t\telse\n\t\t\techo \"sh /tmp/MgmtNIC-configure @MgmtNIC3.mac@\" >> ./rc.local\n\t\tfi\n\telif [ $i -eq 4 ];then\n\t\tif [[ \"@MgmtNIC4.ipaddress@\" =~ [0-9]*\\.[0-9]*\\.[0-9]*\\.[0-9]* ]]; then\n\t\t\techo \"sh /tmp/MgmtNIC-configure @MgmtNIC4.mac@ @MgmtNIC4.ipaddress@ @MgmtNIC4.gateway@\" >> ./rc.local\n\t\telse\n\t\t\techo \"sh /tmp/MgmtNIC-configure @MgmtNIC4.mac@\" >> ./rc.local\n\t\tfi\n\tfi\ndone\necho \"service network restart\" >> ./rc.local\necho \"rm -f /tmp/MgmtNIC-configure\" >> ./rc.local\nexit 0\nEND\n\ndownload /tmp/ImageStreamer/network-configuration ./network-configuration\n!source ./network-configuration"}