{"type":"PlanScript","dependentArtifacts":null,"hpProvided":false,"category":null,"eTag":null,"created":null,"modified":null,"customAttributes":null,"planType":"deploy","description":"","uri":null,"status":null,"name":"RHEL-7.3-configure-multiple-NIC-teaming","id":"ea18ad1a-87e8-44dc-8f8b-9279923a429f","state":null,"content":"#Child script for NIC Teaming.\nupload -<<END /tmp/NIC-teaming\n#! /bin/bash\nteam_name=$1\nnet1_mac=$2\nnet2_mac=$3\nnet1_ip=$4\nnet1_gw=$5\n\n#Check the maching interface names for mac addresses.\ninterfaces=`ls /sys/class/net/`\nfor iface in $interfaces\ndo\n\tmac=`cat /sys/class/net/$iface/address`\n\tif [ ${mac,,} == ${net1_mac,,} ]\n\tthen\n\t\tnic1=$iface\n\telif [ ${mac,,} == ${net2_mac,,} ]\n\tthen\n\t\tnic2=$iface\n\tfi\ndone\n\t\n#Add $team_name connection.\nnmcli connection add type team con-name $team_name ifname $team_name\nif [[ -z $net1_ip ]]\nthen\n\techo \"Configure $team_name for DHCP\"\n\tnmcli connection modify $team_name ipv4.method auto\nelse\n\techo \"Configure $team_name for static.\"\n\tnmcli connection modify $team_name ipv4.method amanual\n\tnmcli connection modify $team_name ipv4.addresses $net1_ip\n\tnmcli connection modify $team_name ipv4.gateway $net1_gw\nfi\n\nnmcli connection add type team-slave con-name $team_name-port1 ifname $nic1 master $team_name\nnmcli connection add type team-slave con-name $team_name-port2 ifname $nic2 master $team_name\nexit 0\nEND\n\n#Parent script for NIC Teaming.\nupload -<<END /tmp/ImageStreamer/teaming-configuration\n#! /bin/bash\nteam_count=@TotalNicTeamings:1@\nteam0=@FirstNicTeamName:team0@\nteam1=@SecondNicTeamName:team1@\nfor i in `seq 1 $team_count`\ndo\n\tif [ $i -eq 1 ];then\n\t\techo \"echo $team0 > /tmp/interface_names\" >> ./rc.local\n\t\tif [[ \"@Team0NIC1.ipaddress@\" =~ [0-9]*\\.[0-9]*\\.[0-9]*\\.[0-9]* ]]; then\n\t\t\techo \"sh /tmp/NIC-teaming $team0 @Team0NIC1.mac@ @Team0NIC2.mac@ @Team0NIC1.ipaddress@ @Team0NIC1.gateway@\" >> ./rc.local\n\t\telse\n\t\t\techo \"sh /tmp/NIC-teaming $team0 @Team0NIC1.mac@ @Team0NIC2.mac@\" >> ./rc.local\n\t\tfi\n\telif [ $i -eq 2 ];then\n\t\techo \"echo $team1 >> /tmp/interface_names\" >> ./rc.local\n\t\tif [[ \"@Team1NIC1.ipaddress@\" =~ [0-9]*\\.[0-9]*\\.[0-9]*\\.[0-9]* ]]; then\n\t\t\techo \"sh /tmp/NIC-teaming $team1 @Team1NIC1.mac@ @Team1NIC2.mac@ @Team1NIC1.ipaddress@ @Team1NIC1.gateway@\" >> ./rc.local\n\t\telse\n\t\t\techo \"sh /tmp/NIC-teaming $team1 @Team1NIC1.mac@ @Team1NIC2.mac@\" >> ./rc.local\n\t\tfi\n\tfi\ndone\necho \"rm -rf /tmp/NIC-teaming\" >> ./rc.local\necho \"service network restart\" >> ./rc.local\nEND\n\ndownload /tmp/ImageStreamer/teaming-configuration ./teaming-configuration\n!source ./teaming-configuration"}