{"type":"OeBuildPlan","dependentArtifacts":null,"customAttributes":[{"constraints":"{\"ipv4static\":true,\"ipv4dhcp\":true,\"parameters\":[\"dhcp\",\"gateway\",\"ipaddress\",\"mac\"]}","description":"","name":"MgmtNIC","value":null,"type":"nic"}],"buildStep":[{"planScriptName":"RHEL-7.2-mount-and-validate","planScriptUri":"/rest/plan-scripts/0a5cd7e1-78f2-4e49-825f-c3256e00acf0","serialNumber":"1","parameters":null},{"planScriptName":"RHEL-7.2-configure-NIC","planScriptUri":"/rest/plan-scripts/c3da5978-801b-4d44-bbf1-9bbffc25cd3d","serialNumber":"2","parameters":null},{"planScriptName":"RHEL-7.2-unmount","planScriptUri":"/rest/plan-scripts/f6183884-8c63-430d-8508-ec041d78c18b","serialNumber":"3","parameters":null}],"category":null,"etag":null,"eTag":null,"created":null,"modified":null,"hpProvided":true,"buildPlanid":"2a385f1a-2847-451b-9d1c-aebc51215743","oeBuildPlanType":"deploy","description":"","uri":null,"status":null,"name":"RHEL-7.2-sample-BP"}