{"type":"PlanScript","dependentArtifacts":null,"hpProvided":true,"category":null,"eTag":null,"created":null,"modified":null,"customAttributes":null,"planType":"general","description":"It removes the temporary directory created during mount and unmounts the root partition.","uri":null,"status":null,"name":"RHEL-7.2-unmount","id":"f6183884-8c63-430d-8508-ec041d78c18b","state":null,"content":"!echo \"mv -f /etc/rc.d/rc.local.backup /etc/rc.d/rc.local\" >> ./rc.local\n\n#upload rc.local\nupload ./rc.local /etc/rc.d/rc.local\nchmod 755 /etc/rc.d/rc.local\n#Upload backup file.\nupload ./rc.local.backup /etc/rc.d/rc.local.backup\n\necho \"####\"\ncat /etc/rc.d/rc.local\necho \"####\"\n\n#Remove the temporary directpory created\nrm-rf /tmp/ImageStreamer\n\n#unmount the root partition\n\nunmount /"}