{"type":"OeBuildPlan","dependentArtifacts":null,"customAttributes":[{"constraints":"{\"options\":[\"Enabled\",\"Disabled\"]}","description":"","name":"SSH","value":"Enabled","type":"option"},{"constraints":"{}","description":"","name":"NewUsers","value":"","type":"string"},{"constraints":"{}","description":"","name":"LvmVolumeName","value":"new_vol","type":"string"},{"constraints":"{\"maxlen\":\"10\"}","description":"","name":"NewUsersPassword","value":"","type":"password"},{"constraints":"{\"options\":[\"1\",\"2\",\"3\",\"4\"]}","description":"","name":"TotalMgmtNICs","value":"1","type":"option"},{"constraints":"{\"ipv4static\":true,\"ipv4dhcp\":true,\"parameters\":[\"ipaddress\",\"mac\",\"netmask\"]}","description":"","name":"MgmtNIC4","value":null,"type":"nic"},{"constraints":"{\"ipv4static\":true,\"ipv4dhcp\":true,\"parameters\":[\"ipaddress\",\"mac\",\"netmask\"]}","description":"","name":"MgmtNIC3","value":null,"type":"nic"},{"constraints":"{\"regex\":\"\",\"helpText\":\"\"}","description":"","name":"DiskName","value":"/dev/sda","type":"string"},{"constraints":"{\"ipv4static\":true,\"ipv4dhcp\":true,\"parameters\":[\"ipaddress\",\"mac\",\"netmask\"]}","description":"","name":"MgmtNIC2","value":null,"type":"nic"},{"constraints":"{\"ipv4static\":true,\"ipv4dhcp\":true,\"parameters\":[\"ipaddress\",\"mac\",\"netmask\"]}","description":"","name":"MgmtNIC1","value":null,"type":"nic"},{"constraints":"{\"unit\":\"GiB\"}","description":"","name":"FirstPartitionSize","value":"10","type":"number"},{"constraints":"{\"regex\":\"\",\"helpText\":\"\"}","description":"","name":"LvmVolumeGroupName","value":"new_vol_group","type":"string"},{"constraints":"{}","description":"","name":"SecondPartitionSize","value":"10","type":"number"},{"constraints":"{\"helpText\":\"\"}","description":"","name":"DomainName","value":"","type":"fqdn"},{"constraints":"{\"regex\":\"\",\"helpText\":\"\"}","description":"","name":"Gateway","value":"","type":"string"},{"constraints":"{\"unit\":\"GiB\"}","description":"","name":"LvmVolumeSize","value":"15","type":"number"},{"constraints":"{\"maxlen\":\"10\"}","description":"","name":"NewRootPassword","value":"","type":"password"}],"buildStep":[{"planScriptName":"SLES-12-mount-and-validate","planScriptUri":"/rest/plan-scripts/487d75e6-ab29-4807-8b78-3f9d685eb778","serialNumber":"1","parameters":null},{"planScriptName":"SLES-12-configure-users","planScriptUri":"/rest/plan-scripts/3f8dc063-e332-4fc1-91ec-ec910dccb197","serialNumber":"2","parameters":null},{"planScriptName":"SLES-12-configure-multiple-NICs","planScriptUri":"/rest/plan-scripts/6221fb5f-e74c-4129-b741-87cb6a7a3595","serialNumber":"3","parameters":null},{"planScriptName":"SLES-12-configure-hostname","planScriptUri":"/rest/plan-scripts/fb2d7fd3-d893-438f-9927-46f1191de960","serialNumber":"4","parameters":null},{"planScriptName":"SLES-12-manage-services","planScriptUri":"/rest/plan-scripts/a215d440-92fb-4c0b-86ed-b5db18ce5459","serialNumber":"5","parameters":null},{"planScriptName":"SLES-12-configure-partition-using-LVM","planScriptUri":"/rest/plan-scripts/e08b0368-97d5-4743-962e-ef9cdbc77f6d","serialNumber":"6","parameters":null},{"planScriptName":"SLES-12-unmount","planScriptUri":"/rest/plan-scripts/b55a22b6-eeed-42c5-ad6c-a8748ba8bb0b","serialNumber":"7","parameters":null}],"category":null,"etag":null,"eTag":null,"created":null,"modified":null,"hpProvided":false,"buildPlanid":"4547dea2-d5c1-467c-a302-1a5f3a6e212c","oeBuildPlanType":"deploy","description":"","uri":null,"status":null,"name":"SLES-12-personalize-and-configure-NICs-lvm-BP"}