{"type":"PlanScript","dependentArtifacts":null,"hpProvided":false,"category":null,"eTag":null,"created":null,"modified":null,"customAttributes":null,"planType":"general","description":"Plan Script mount to the root partition of the server along with that it will validate image to check whether it is approriate image to use.","uri":null,"status":null,"name":"SLES-12-mount-and-validate","id":"487d75e6-ab29-4807-8b78-3f9d685eb778","state":null,"content":"# List the Volume Group and lvols:\nvgs\nlvs\nlist-filesystems\n\n# Mount the root partition\nmount /dev/sda3 /\n\n#Create temporary directory\nmkdir-p /tmp/ImageStreamer\n\n#Validate the Image\n\ndownload /etc/os-release ./os-release\n\nupload -<<END /tmp/ImageStreamer/validate_image\n#! /bin/bash\nfile=\"./os-release\"\nexp_os='\"SLES\"'\nexp_ver='\"12.1\"'\nif [ -f $file ]\n then\n os_name=`cat ./os-release | grep -w \"NAME\" | awk -F'[=]' '{print $2}'`\n version_id=`cat ./os-release | grep \"VERSION_ID\" | awk -F'[=]' '{print $2}'`\n\n if [[ $os_name == $exp_os ]]\n then\n  #Validate version \n  if [ $version_id == $exp_ver ]\n  then\n   echo \"##########################\"\n   echo \"Image validation successfully completed!!!\"\n   echo \"Detected OS: $os_name $version_id\"\n   echo \"Operating system is matching with the expected Operating System\"\n   echo \"##########################\"\n  else\n   echo \"##########################\"\n   echo \"Image validation failed : Operating system is NOT matching with the expected Operating System\"\n   echo \"Please ensure that the golden image of SLES 12.\"\n   echo \"##########################\"\n   exit 1\n  fi\n fi\nelse\n echo \"##########################\"\n echo \"Image validation failed : Operating system is NOT matching with the expected Operating System\"\n echo \"Please ensure that the golden image of SLES 12.\"\n echo \"##########################\"\n exit 1\nfi\nEND\n\ndownload /tmp/ImageStreamer/validate_image ./validate_image\n!source ./validate_image\n\necho \"Check Image Streamer capture details\"\n-download /ImageStreamerCapture ./ImageStreamerCapture\n\nupload -<<END /tmp/ImageStreamer/check_capture\n#!/bin/bash\nif [ -f ./ImageStreamerCapture ]; then\n    echo \"Capture details:\"\n    cat ./ImageStreamerCapture\nelse\n    echo\n    echo \"WARNING: SLES 12 Golden Image was not captured by Image Streamer.\"\n    echo \"Golden Image may not be prepared for correct personalization.\"\n    echo \"Recommend deploying Golden Image as is and capturing a new\"\n    echo \"Golden Image using Image Streamer via correct capture Build Plan\"\n    echo\nfi\necho\nEND\ndownload /tmp/ImageStreamer/check_capture ./check_capture\n!source ./check_capture\n\n-rm-f /ImageStreamerCapture\n\necho \"Copy out after.local\"\ndownload /etc/init.d/after.local ./after.local\n#Take a backup\necho \"Take a backup of after.local\"\ndownload /etc/init.d/after.local ./after.local.backup\n\n#Setup after.local file to run scripts at the boot time.\n!echo \"#The following commands has been added from the Image Streamer\" >> ./after.local"}