{"type":"PlanScript","dependentArtifacts":null,"hpProvided":true,"category":null,"eTag":null,"created":null,"modified":null,"customAttributes":null,"planType":"deploy","description":"","uri":null,"status":null,"name":"SLES-12-configure-multiple-NICs","id":"6221fb5f-e74c-4129-b741-87cb6a7a3595","state":null,"content":"upload -<<END /tmp/MgmtNIC-configure\n#! /bin/bash\nnet_mac=$1\nnet_ip=$2\nnet_netmask=$3\n\n#Check the maching interface name for $net_mac.\ninterfaces=`ls /sys/class/net/`\nfor iface in $interfaces\ndo\n\tmac=`cat /sys/class/net/$iface/address`\n\tif [ ${mac,,} == ${net_mac,,} ]\n\tthen\n\t\tinterface_name=$iface\n\t\techo $interface_name >> /tmp/interface_names\n\tfi\ndone\n\nif [[ -z $net_ip ]]\nthen\necho \"Configure $interface_name for DHCP\"\ncat <<CONF>/etc/sysconfig/network/ifcfg-$interface_name \n#This file has been created by Image Streamer.\nNAME=\"$nic\"\nDEVICE=\"$nic\"\nBOOTPROTO=\"dhcp\"\nSTARTMODE=auto\nCONF\n\nelse\n\necho \"Configure $interface_name for static.\"\ncat <<CONF>/etc/sysconfig/network/ifcfg-$interface_name \n#This file has been created by Image Streamer.\nNAME=\"$nic\"\nDEVICE=\"$nic\"\nBOOTPROTO=\"static\"\nSTARTMODE=auto\nIPADDR=\"$net_ip\"\nNETMASK=\"$net_netmask\"\nCONF\n\nfi\nexit 0\nEND\n\nupload -<<END /tmp/ImageStreamer/network-configuration\n#! /bin/bash\nNICs_count=@TotalMgmtNICs:1@\nfor i in `seq 1 $NICs_count`\ndo\n\tif [ $i -eq 1 ];then\n\t\tif [[ \"@MgmtNIC1.ipaddress@\" =~ [0-9]*\\.[0-9]*\\.[0-9]*\\.[0-9]* ]]; then\n\t\t\techo \"sh /tmp/MgmtNIC-configure @MgmtNIC1.mac@ @MgmtNIC1.ipaddress@ @MgmtNIC1.netmask@\" >> ./after.local\n\t\telse\n\t\t\techo \"sh /tmp/MgmtNIC-configure @MgmtNIC1.mac@\" >> ./after.local\n\t\tfi\n\telif [ $i -eq 2 ];then\n\t\tif [[ \"@MgmtNIC2.ipaddress@\" =~ [0-9]*\\.[0-9]*\\.[0-9]*\\.[0-9]* ]]; then\n\t\t\techo \"sh /tmp/MgmtNIC-configure @MgmtNIC2.mac@ @MgmtNIC2.ipaddress@ @MgmtNIC2.netmask@\" >> ./after.local\n\t\telse\n\t\t\techo \"sh /tmp/MgmtNIC-configure @MgmtNIC2.mac@\" >> ./after.local\n\t\tfi\n\telif [ $i -eq 3 ];then\n\t\tif [[ \"@MgmtNIC3.ipaddress@\" =~ [0-9]*\\.[0-9]*\\.[0-9]*\\.[0-9]* ]]; then\n\t\t\techo \"sh /tmp/MgmtNIC-configure @MgmtNIC3.mac@ @MgmtNIC3.ipaddress@ @MgmtNIC3.netmask@\" >> ./after.local\n\t\telse\n\t\t\techo \"sh /tmp/MgmtNIC-configure @MgmtNIC3.mac@\" >> ./after.local\n\t\tfi\n\telif [ $i -eq 4 ];then\n\t\tif [[ \"@MgmtNIC4.ipaddress@\" =~ [0-9]*\\.[0-9]*\\.[0-9]*\\.[0-9]* ]]; then\n\t\t\techo \"sh /tmp/MgmtNIC-configure @MgmtNIC4.mac@ @MgmtNIC4.ipaddress@ @MgmtNIC4.netmask@\" >> ./after.local\n\t\telse\n\t\t\techo \"sh /tmp/MgmtNIC-configure @MgmtNIC4.mac@\" >> ./after.local\n\t\tfi\n\tfi\ndone\necho \"service network restart\" >> ./after.local\necho \"rm -f /tmp/MgmtNIC-configure\" >> ./after.local\nexit 0\nEND\n\ndownload /tmp/ImageStreamer/network-configuration ./network-configuration\n!source ./network-configuration"}