{"type":"PlanScript","dependentArtifacts":null,"hpProvided":true,"category":null,"eTag":null,"created":null,"modified":null,"customAttributes":null,"planType":"deploy","description":"Creates a partition on the disk based on user requirement","uri":null,"status":null,"name":"SLES-12-configure-partition-using-LVM","id":"e08b0368-97d5-4743-962e-ef9cdbc77f6d","state":null,"content":"upload -<<END /tmp/LVM-configure\n#! /bin/bash\n# to create the partitions programatically (rather than manually)\n# we're going to simulate the manual input to fdisk\n# The sed script strips off all the comments so that we can \n# document what we're doing in-line with the actual commands\n# Note that a blank line (commented as \"defualt\" will send a empty\n# line terminated with a newline to take the fdisk default.\nsed -e 's/\\s*\\([\\+0-9a-zA-Z]*\\).*/\\1/' << EOF | fdisk @DiskName:/dev/sda@\n  o # clear the in memory partition table\n  n # new partition\n  p # primary partition\n  1 # partition number 1\n    # default - start at beginning of disk \n  +@FirstPartitionSize:10@G # boot parttion\n  n # new partition\n  p # primary partition\n  2 # partion number 2\n    # default, start immediately after preceding partition\n  +@SecondPartitionSize:10@G # leave blank(default) to extend partition to end of disk\n  a # make a partition bootable\n  1 # bootable partition is partition 1 -- /dev/sda1\n  p # print the in-memory partition table\n  w # write the partition table\n  q # and we're done\nEOF\n\n#list all disks and partitions\nlsblk \n\n#create physical volume\npvcreate @DiskName:/dev/sda@1 @DiskName:/dev/sda@2\n\n#create physical volume forcefully \nif [ ! $? -eq 0 ]; then\necho y | pvcreate -ff @DiskName:/dev/sda@1\necho y | pvcreate -ff @DiskName:/dev/sda@2\nfi\n\npvdisplay\n\n#create logical volume group\nvgcreate @LvmVolumeGroupName:new_vol_group@ @DiskName:/dev/sda@1 @DiskName:/dev/sda@2\nvgs\n\n#create logical volume\nlvcreate -L@LvmVolumeSize:15@G -n @LvmVolumeName:new_vol@ @LvmVolumeGroupName:new_vol_group@\nlvs\n\n#create ext4 filesystem\nmkfs.ext4 /dev/@LvmVolumeGroupName:new_vol_group@/@LvmVolumeName:new_vol@\n\nmkdir /root/LVM-Data1\n\nmount /dev/@LvmVolumeGroupName:new_vol_group@/@LvmVolumeName:new_vol@ /root/LVM-Data1\nsed -i -e '$a\\#This file has been altered by Image Streamer.' /etc/fstab\nsed -i -e '$a\\/dev/@LvmVolumeGroupName:new_vol_group@/@LvmVolumeName:new_vol@ /root/LVM-Data1 ext4 defaults 0 0' /etc/fstab\n\nunlink $0\n\nEND\n\n!echo \"sh /tmp/LVM-configure\" >> ./after.local"}