{"type":"PlanScript","dependentArtifacts":null,"hpProvided":true,"category":null,"eTag":null,"created":null,"modified":null,"customAttributes":null,"planType":"deploy","description":"Configures NICs.","uri":null,"status":null,"name":"HPELinux-configure-multiple-NICs","id":"4ffec816-5461-4835-8c9b-f9e046bff75b","state":null,"content":"upload -<<END /etc/init.d/MgmtNIC-configure\n#! /bin/bash\nnet_mac=$1\nnet_ip=$2\nnet_gw=$3\nnet_netmask=$4\n#Check the maching interface name for $net_mac.\ninterfaces=`ls /sys/class/net/`\nfor iface in $interfaces\ndo\n\tmac=`cat /sys/class/net/$iface/address`\n\tif [ ${mac,,} == ${net_mac,,} ]\n\tthen\n\t\tinterface_name=$iface\n\t\techo $interface_name >> /tmp/interface_names\n\tfi\ndone\n\nsed -ie \"\\$aauto $interface_name\" /etc/network/interfaces\n\nif [[ -z $net_ip ]]\nthen\necho \"Configure $interface_name for DHCP\"\n\tsed -ie \"\\$aiface $interface_name inet dhcp\" /etc/network/interfaces\n\nelse\necho \"Configure $interface_name for static.\"\n\tsed -ie \"\\$aiface $interface_name inet static\" /etc/network/interfaces\n\tsed -ie \"\\$a\\        address $net_ip\" /etc/network/interfaces\n\tsed -ie \"\\$a\\        gateway $net_gw\" /etc/network/interfaces\n\tsed -ie \"\\$a\\        netmask $net_netmask\" /etc/network/interfaces\nfi\nexit 0\nEND\n\nupload -<<END /tmp/ImageStreamer/network-configuration\n#! /bin/bash\necho \"sed -ie \\\"\\\\\\$a#This file has been altered by Image Streamer\\\" /etc/network/interfaces\" >> ./rc.local\nNICs_count=@TotalMgmtNICs:1@\nfor i in `seq 1 $NICs_count`\ndo\n\tif [ $i -eq 1 ];then\n\t\tif [[ \"@ManagementNIC1.ipaddress@\" =~ [0-9]*\\.[0-9]*\\.[0-9]*\\.[0-9]* ]]; then\n\t\t\techo \"bash /etc/init.d/MgmtNIC-configure @ManagementNIC1.mac@ @ManagementNIC1.ipaddress@ @ManagementNIC1.gateway@ @ManagementNIC1.netmask@\" >> ./rc.local\n\t\telse\n\t\t\techo \"bash /etc/init.d/MgmtNIC-configure @ManagementNIC1.mac@\" >> ./rc.local\n\t\tfi\n\telif [ $i -eq 2 ];then\n\t\tif [[ \"@ManagementNIC2.ipaddress@\" =~ [0-9]*\\.[0-9]*\\.[0-9]*\\.[0-9]* ]]; then\n\t\t\techo \"bash /etc/init.d/MgmtNIC-configure @ManagementNIC2.mac@ @ManagementNIC2.ipaddress@ @ManagementNIC2.gateway@ @ManagementNIC2.netmask@\" >> ./rc.local\n\t\telse\n\t\t\techo \"bash /etc/init.d/MgmtNIC-configure @ManagementNIC2.mac@\" >> ./rc.local\n\t\tfi\n\telif [ $i -eq 3 ];then\n\t\tif [[ \"@ManagementNIC3.ipaddress@\" =~ [0-9]*\\.[0-9]*\\.[0-9]*\\.[0-9]* ]]; then\n\t\t\techo \"bash /etc/init.d/MgmtNIC-configure @ManagementNIC3.mac@ @ManagementNIC3.ipaddress@ @ManagementNIC3.gateway@ @ManagementNIC3.netmask@\" >> ./rc.local\n\t\telse\n\t\t\techo \"bash /etc/init.d/MgmtNIC-configure @ManagementNIC3.mac@\" >> ./rc.local\n\t\tfi\n\telif [ $i -eq 4 ];then\n\t\tif [[ \"@ManagementNIC4.ipaddress@\" =~ [0-9]*\\.[0-9]*\\.[0-9]*\\.[0-9]* ]]; then\n\t\t\techo \"bash /etc/init.d/MgmtNIC-configure @ManagementNIC4.mac@ @ManagementNIC4.ipaddress@ @ManagementNIC4.gateway@ @ManagementNIC4.netmask@\" >> ./rc.local\n\t\telse\n\t\t\techo \"bash /etc/init.d/MgmtNIC-configure @ManagementNIC4.mac@\" >> ./rc.local\n\t\tfi\n\tfi\ndone\necho \"service networking restart\" >> ./rc.local\necho \"rm -f /etc/init.d/MgmtNIC-configure\" >> ./rc.local\nexit 0\nEND\n\ndownload /tmp/ImageStreamer/network-configuration ./network-configuration\n!source ./network-configuration"}