{"type":"OeBuildPlan","dependentArtifacts":null,"customAttributes":[{"constraints":"{\"options\":[\"Enabled\",\"Disabled\"]}","description":"","name":"SSH","value":"Enabled","type":"option"},{"constraints":"{\"unit\":\"GiB\"}","description":"","name":"LogicalVolumeSize","value":"15","type":"number"},{"constraints":"{}","description":"","name":"SecondNicBondName","value":"bond1","type":"string"},{"constraints":"{}","description":"","name":"NewUsers","value":"","type":"string"},{"constraints":"{\"maxlen\":\"10\"}","description":"","name":"NewUsersPassword","value":"","type":"password"},{"constraints":"{}","description":"","name":"FirstNicBondName","value":"bond0","type":"string"},{"constraints":"{\"ipv4static\":false,\"ipv4dhcp\":true,\"ipv4disable\":true,\"parameters\":[\"mac\"]}","description":"","name":"Bond0NIC2","value":null,"type":"nic"},{"constraints":"{\"ipv4static\":true,\"ipv4dhcp\":true,\"ipv4disable\":true,\"parameters\":[\"gateway\",\"ipaddress\",\"mac\",\"netmask\"]}","description":"","name":"Bond0NIC1","value":null,"type":"nic"},{"constraints":"{}","description":"","name":"DiskName","value":"/dev/sda","type":"string"},{"constraints":"{\"unit\":\"GiB\"}","description":"","name":"FirstPartitionSize","value":"10","type":"number"},{"constraints":"{\"unit\":\"GiB\"}","description":"","name":"SecondPartitionSize","value":"10","type":"number"},{"constraints":"{\"ipv4static\":true,\"ipv4dhcp\":true,\"ipv4disable\":true,\"parameters\":[\"gateway\",\"ipaddress\",\"mac\",\"netmask\"]}","description":"","name":"Bond1NIC1","value":null,"type":"nic"},{"constraints":"{\"options\":[\"1\",\"2\"]}","description":"","name":"TotalNicbondings","value":"1","type":"option"},{"constraints":"{\"helpText\":\"\"}","description":"","name":"DomainName","value":"","type":"fqdn"},{"constraints":"{\"ipType\":\"manage-externally\",\"helpText\":\"\"}","description":"","name":"Gateway","value":"","type":"ipv4"},{"constraints":"{}","description":"","name":"LogicalVolumeName","value":"new_vol","type":"string"},{"constraints":"{\"ipv4static\":false,\"ipv4dhcp\":true,\"ipv4disable\":true,\"parameters\":[\"mac\"]}","description":"","name":"Bond1NIC2","value":null,"type":"nic"},{"constraints":"{\"maxlen\":\"10\"}","description":"","name":"NewRootPassword","value":"","type":"password"},{"constraints":"{}","description":"","name":"LogicalVolumeGroupName","value":"new_vol_group","type":"string"}],"buildStep":[{"planScriptName":"HPELinux-mount-and-validate","planScriptUri":"/rest/plan-scripts/92dce42c-6d68-44bb-a953-955c33c4a7d7","parameters":null,"serialNumber":"1"},{"planScriptName":"HPELinux-configure-users","planScriptUri":"/rest/plan-scripts/e67e5d78-79d0-490b-8c0d-668066a49d18","parameters":null,"serialNumber":"2"},{"planScriptName":"HPELinux-configure-multiple-NIC-bonding","planScriptUri":"/rest/plan-scripts/1169c613-b8c6-4206-a03a-dabfb55625d7","parameters":null,"serialNumber":"3"},{"planScriptName":"HPELinux-configure-hostname","planScriptUri":"/rest/plan-scripts/d066f202-87d7-4357-86b8-007c9e81aa87","parameters":null,"serialNumber":"4"},{"planScriptName":"HPELinux-manage-services","planScriptUri":"/rest/plan-scripts/c930489e-2e67-4314-948c-95f4b408e658","parameters":null,"serialNumber":"5"},{"planScriptName":"HPELinux-configure-partition-using-LVM","planScriptUri":"/rest/plan-scripts/b765d31c-f4d0-466d-bed0-6c2be16837ef","parameters":null,"serialNumber":"6"},{"planScriptName":"HPELinux-unmount","planScriptUri":"/rest/plan-scripts/06d20ab2-7f8a-4493-8ab0-cdf0dc90f039","parameters":null,"serialNumber":"7"}],"category":null,"eTag":null,"created":null,"modified":null,"etag":null,"hpProvided":true,"buildPlanid":"7425215d-341a-49dc-9409-bbabefc1237f","oeBuildPlanType":"deploy","description":"","uri":null,"status":null,"name":"HPELinux-personalize-and-NIC-bondings-LVM-BP"}