{"type":"OeBuildPlan","dependentArtifacts":null,"customAttributes":[{"constraints":"{\"unit\":\"GiB\"}","description":"","name":"LogicalVolumeSize","value":"15","type":"number"},{"constraints":"{\"options\":[\"Enabled\",\"Disabled\"]}","description":"","name":"SSH","value":"Enabled","type":"option"},{"constraints":"{}","description":"","name":"NewUsers","value":"","type":"string"},{"constraints":"{\"maxlen\":\"10\"}","description":"","name":"NewUsersPassword","value":"","type":"password"},{"constraints":"{\"options\":[\"1\",\"2\",\"3\",\"4\"]}","description":"","name":"TotalMgmtNICs","value":"1","type":"option"},{"constraints":"{}","description":"","name":"DiskName","value":"/dev/sda","type":"string"},{"constraints":"{\"unit\":\"GiB\"}","description":"","name":"FirstPartitionSize","value":"10","type":"number"},{"constraints":"{\"unit\":\"GiB\"}","description":"","name":"SecondPartitionSize","value":"10","type":"number"},{"constraints":"{\"helpText\":\"\"}","description":"","name":"DomainName","value":"","type":"fqdn"},{"constraints":"{\"ipType\":\"manage-externally\",\"helpText\":\"\",\"options\":[\"\"]}","description":"","name":"Gateway","value":"","type":"ipv4"},{"constraints":"{}","description":"","name":"LogicalVolumeName","value":"new_vol","type":"string"},{"constraints":"{\"ipv4static\":true,\"ipv4dhcp\":true,\"ipv4disable\":true,\"parameters\":[\"gateway\",\"ipaddress\",\"mac\",\"netmask\"]}","description":"","name":"ManagementNIC3","value":null,"type":"nic"},{"constraints":"{\"maxlen\":\"10\"}","description":"","name":"NewRootPassword","value":"","type":"password"},{"constraints":"{\"ipv4static\":true,\"ipv4dhcp\":true,\"ipv4disable\":true,\"parameters\":[\"gateway\",\"ipaddress\",\"mac\",\"netmask\"]}","description":"","name":"ManagementNIC4","value":null,"type":"nic"},{"constraints":"{}","description":"","name":"LogicalVolumeGroupName","value":"new_vol_group","type":"string"},{"constraints":"{\"ipv4static\":true,\"ipv4dhcp\":true,\"ipv4disable\":true,\"parameters\":[\"gateway\",\"ipaddress\",\"mac\",\"netmask\"]}","description":"","name":"ManagementNIC1","value":null,"type":"nic"},{"constraints":"{\"ipv4static\":true,\"ipv4dhcp\":true,\"ipv4disable\":true,\"parameters\":[\"gateway\",\"ipaddress\",\"mac\",\"netmask\"]}","description":"","name":"ManagementNIC2","value":null,"type":"nic"}],"buildStep":[{"planScriptName":"HPELinux-mount-and-validate","planScriptUri":"/rest/plan-scripts/92dce42c-6d68-44bb-a953-955c33c4a7d7","parameters":null,"serialNumber":"1"},{"planScriptName":"HPELinux-configure-users","planScriptUri":"/rest/plan-scripts/e67e5d78-79d0-490b-8c0d-668066a49d18","parameters":null,"serialNumber":"2"},{"planScriptName":"HPELinux-configure-multiple-NICs","planScriptUri":"/rest/plan-scripts/4ffec816-5461-4835-8c9b-f9e046bff75b","parameters":null,"serialNumber":"3"},{"planScriptName":"HPELinux-configure-hostname","planScriptUri":"/rest/plan-scripts/d066f202-87d7-4357-86b8-007c9e81aa87","parameters":null,"serialNumber":"4"},{"planScriptName":"HPELinux-manage-services","planScriptUri":"/rest/plan-scripts/c930489e-2e67-4314-948c-95f4b408e658","parameters":null,"serialNumber":"5"},{"planScriptName":"HPELinux-configure-partition-using-LVM","planScriptUri":"/rest/plan-scripts/b765d31c-f4d0-466d-bed0-6c2be16837ef","parameters":null,"serialNumber":"6"},{"planScriptName":"HPELinux-unmount","planScriptUri":"/rest/plan-scripts/06d20ab2-7f8a-4493-8ab0-cdf0dc90f039","parameters":null,"serialNumber":"7"}],"category":null,"eTag":null,"created":null,"modified":null,"etag":null,"hpProvided":true,"buildPlanid":"7dc485d7-3d25-455a-84a4-6733708273f3","oeBuildPlanType":"deploy","description":"","uri":null,"status":null,"name":"HPELinux-personalize-and-configure-multiple-NICs-LVM-BP"}