{"type":"PlanScript","dependentArtifacts":null,"hpProvided":true,"category":null,"eTag":null,"created":null,"modified":null,"customAttributes":null,"planType":"general","description":"","uri":null,"status":null,"name":"HPELinux-mount-and-validate","id":"92dce42c-6d68-44bb-a953-955c33c4a7d7","state":null,"content":"# List the Volume Group and lvols:\nvgs\nlvs\nlist-filesystems\n\n# Mount the root partition\nmount /dev/os-vg/root /\n\n#Create temporary directory\nmkdir-p /tmp/ImageStreamer\n\ndownload /etc/os-release ./os-release\n\n#Validate the Image\nupload -<<END /tmp/ImageStreamer/validate_image\n#! /bin/bash\nfile=\"./os-release\"\nexp_os='\"hpelinux\"'\nif [ -f $file ]\nthen\n\tos_name=`cat $file | grep -w \"NAME\" | awk -F'[=]' '{print $2}'`\n\tif [[ $os_name == $exp_os ]]\n\tthen\n\t\techo \"##########################\"\n\t\techo \"Image validation successfully completed!!!\"\n\t\techo \"Detected OS: $os_name\"\n\t\techo \"Operating system is matching with the expected Operating System\"\n\t\techo \"##########################\"\n\telse\n\t\techo \"##########################\"\n\t\techo \"Image validation failed : Operating system is NOT matching with the expected Operating System\"\n\t\techo \"Please ensure that the golden image is of hpelinux\"\n\t\techo \"##########################\"\n\t\texit 1\n\tfi\nelse\n\techo \"##########################\"\n\techo \"Image validation failed : Operating system is NOT matching with the expected Operating System\"\n\techo \"Please ensure that the golden image is of hpelinux\"\n\techo \"##########################\"\n\texit 1\nfi\nEND\ndownload /tmp/ImageStreamer/validate_image ./validate_image\n!source ./validate_image\n\necho \"Check Image Streamer capture details\"\n-download /ImageStreamerCapture ./ImageStreamerCapture\n\nupload -<<END /tmp/ImageStreamer/check_capture\n#!/bin/bash\nif [ -f ./ImageStreamerCapture ]; then\n    echo \"Capture details:\"\n    cat ./ImageStreamerCapture\nelse\n    echo\n    echo \"WARNING: HPELinux Golden Image was not captured by Image Streamer.\"\n    echo \"Golden Image may not be prepared for correct personalization.\"\n    echo \"Recommend deploying Golden Image as is and capturing a new\"\n    echo \"Golden Image using Image Streamer via correct capture Build Plan\"\n    echo\nfi\necho\nEND\ndownload /tmp/ImageStreamer/check_capture ./check_capture\n!source ./check_capture\n\n-rm-f /ImageStreamerCapture\n\necho \"Copy out rc.local\"\ndownload /etc/rc.local rc.local\n#Take a backup\necho \"Take a backup of rc.local\"\ndownload /etc/rc.local rc.local.backup\n\n#Setup rc.local file to run scripts at the boot time.\nupload -<<END /tmp/ImageStreamer/del_exit_line\n#!/bin/bash\n#Delete the exit 0 line from the rc.local, which is last line in the file.\nsed -i '$d' rc.local\nexit 0\nEND\ndownload /tmp/ImageStreamer/del_exit_line ./del_exit_line\n!source ./del_exit_line\n\n!echo \"#The following lines has been added from the Image Streamer\" >> rc.local"}