{"type":"PlanScript","dependentArtifacts":null,"hpProvided":true,"category":null,"eTag":null,"created":null,"modified":null,"customAttributes":null,"planType":"deploy","description":"","uri":null,"status":null,"name":"HPELinux-manage-services","id":"c930489e-2e67-4314-948c-95f4b408e658","state":null,"content":"#Enable/Disable SSH\nupload -<<END /tmp/ImageStreamer/ssh_service\n#! /bin/bash\nssh=@SSH:Enabled@\nif [ $ssh == Enabled ]\nthen\necho \"service ssh restart\" >> ./rc.local\nelse\necho \"service ssh stop\" >> ./rc.local\nfi\nexit 0\nEND\ndownload /tmp/ImageStreamer/ssh_service ./ssh_service\n!source ./ssh_service"}