{"type":"PlanScript","dependentArtifacts":null,"hpProvided":true,"category":null,"eTag":null,"created":null,"modified":null,"customAttributes":null,"planType":"deploy","description":"","uri":null,"status":null,"name":"HPELinux-configure-hostname","id":"d066f202-87d7-4357-86b8-007c9e81aa87","state":null,"content":"# Add /etc/hostname entry for hostname\nupload -<<END /etc/hostname\n@DomainName@\nEND\n\necho \"-------- new /etc/hostname ----------\"\ncat /etc/hostname\n\n#Script to Add default route \nupload -<<END /etc/init.d/add_def_route\n#!/bin/bash\n\n### BEGIN INIT INFO\n# Provides:          add_def_route\n# Required-Start:    $local_fs $network $named $time $syslog\n# Required-Stop:     $local_fs $network $named $time $syslog\n# Default-Start:     2 3 4 5\n# Default-Stop:      0 1 6\n# Description:       Add default route\n### END INIT INFO\n\ncase \"$1\" in\n    start)\n       #start\n       route add default gw @Gateway@ InterfaceName\n       ;;\n    stop)\n       stop\n       ;;\n    restart)\n       stop\n       start\n       ;;\n    status)\n       # code to check status of app comes here\n       # example: status program_name\n       ;;\n    *)\n       echo \"Usage: $0 {start|stop|status|restart}\"\nesac\nexit 0\nEND\n\nupload -<<END /etc/init.d/rm_add_def_route\n#!/bin/bash\n### BEGIN INIT INFO\n# Provides:          rm_add_def_route\n# Required-Start:    $local_fs $network $named $time $syslog\n# Required-Stop:     $local_fs $network $named $time $syslog\n# Default-Start:     2 3 4 5\n# Default-Stop:      0 1 6\n# Description:       Removes the Add default route service\n### END INIT INFO\n\ncase \"$1\" in\n    start)\n  update-rc.d -f add_def_route remove\n  update-rc.d add_def_route stop 20 2 3 4 5 .\n  file=\"/etc/init.d/add_def_route\"\n  if [ -f $file ]\n  then\n   rm -f $file\n  fi\n  update-rc.d -f rm_add_def_route remove\n  update-rc.d rm_add_def_route stop 20 2 3 4 5 .\n  unlink $0\n       ;;\n    stop)\n       stop\n       ;;\n    restart)\n       stop\n       start\n       ;;\n    status)\n       # code to check status of app comes here\n       # example: status program_name\n       ;;\n    *)\n       echo \"Usage: $0 {start|stop|status|restart}\"\nesac\n\nexit 0\nEND\n\nupload -<<END /etc/init.d/configure_add_def_route\n#! /bin/bash\nifaces=`cat /tmp/interface_names`\nread -r -a array <<< $ifaces\ninterface_name=${array[0]}\nsed -i \"s/InterfaceName/$interface_name/g\" /etc/init.d/add_def_route\nchmod +x /etc/init.d/add_def_route\nupdate-rc.d add_def_route defaults\nservice add_def_route start\n#### Note ####\n#If you don't want to run the service \"add_def_route\" after each boot, you can uncomment the block below.\n#chmod +x /etc/init.d/rm_add_def_route\n#update-rc.d rm_add_def_route defaults\n#service rm_add_def_route start\n#### Note ####\nunlink $0\nexit 0\nEND\n\n#Add script to rc.local to run at boot time.\n!echo \"bash /etc/init.d/configure_add_def_route\" >> rc.local\n\n# Configure /etc/hosts by running with the master customize service\nupload -<<END /etc/init.d/configure_hosts\n#! /bin/bash\nsleep 10s\nifaces=`cat /tmp/interface_names`\n#rm -f /tmp/interface_names\nread -r -a array <<< $ifaces\niface=${array[0]}\nip_address=`ip a | grep $iface | grep 'inet' | cut -d: -f2 | awk '{ print $2}' | cut -d/ -f1`\nfqdn=@DomainName@\nalias=`echo \"$fqdn\" | awk -F'[.]' '{print $1}'`\nsed -i \"/127.0.0.1/a\\\\$ip_address $fqdn $alias\" /etc/hosts\nsed -i \"/127.0.0.1/a\\\\#This file has been altered by Image Streamer.\" /etc/hosts\nunlink $0\nexit 0\nEND\n\n#Add script to rc.local to run at boot time.\n!echo \"bash /etc/init.d/configure_hosts\" >> rc.local"}