{"type":"PlanScript","dependentArtifacts":null,"hpProvided":true,"category":null,"eTag":null,"created":null,"modified":null,"customAttributes":null,"planType":"deploy","description":"","uri":null,"status":null,"name":"HPELinux-configure-users","id":"e67e5d78-79d0-490b-8c0d-668066a49d18","state":null,"content":"# Change root's password \nupload -<<END /etc/init.d/change_root_passwd\n#! /bin/bash\necho \"root:@NewRootPassword@\" | chpasswd\nunlink $0\nEND\n\n#Script to add new user and create password for new user\nupload -<<END /etc/init.d/add_users\n#!/bin/bash\n#Add comments\nsed -i -e '$a\\#Following users have been added from Image Streamer' /etc/passwd\nsed -i -e '$a\\#Following users have been added from Image Streamer' /etc/group\n\nusers_string=\"@NewUsers@\"\n\n#Users will be added with the same password. On first login users has to change their password.\npassword=\"@NewUsersPassword@\"\nIFS=',; '\nfor user in $users_string\ndo\n\tif [ $(id -u) -eq 0 ]; then\n\t\t\tegrep \"$user\" /etc/passwd >/dev/null\n\t\t\tif [ $? -eq 0 ]; then\n\t\t\t\t\techo \"Warning: $user exists!\"\n\t\t\telse\n\t\t\t\t\tuseradd -m $user\n\t\t\t\t\techo \"$user:$password\" | chpasswd\n\t\t\t\t\t[ $? -eq 0 ] && echo \"User $user has been added to system!\" || echo \"Failed to add a user!\"\n\t\t\tfi\n\telse\n\t\t\techo \"Error: Unable to add $user\"\n\tfi\ndone\nunlink $0\nEND\n\n#Add script to rc.local to run at boot time.\n!echo \"sh /etc/init.d/change_root_passwd\" >> rc.local\n\n#Add script to rc.local to run at boot time.\n!echo \"sh /etc/init.d/add_users\" >> rc.local"}