{"type":"PlanScript","dependentArtifacts":null,"hpProvided":true,"category":null,"eTag":null,"created":null,"modified":null,"customAttributes":null,"planType":"deploy","description":"It applyies the basic network configuration to the server","uri":null,"status":null,"name":"SLES-12-configure-NIC","id":"2d801858-a648-4650-bbbd-1bbffdba5e9a","state":null,"content":"# Configures the Mgmt NIC.\nupload -<<END /tmp/ImageStreamer/Configure-NIC\n#! /bin/bash\n########################################################\n# TO DO: The NIC.dhcp value is not being expanded correctly it should give some\n# value like DHCP or static depending on the user choice in server profile. Once\n# that defect is fixed the script should be changed. To use a conditional like:\n#      if [ \"@MgmtNIC.dhcp@\" == \"DHCP\" ]; then\n########################################################\nif [[ \"@MgmtNIC.ipaddress@\" =~ [0-9]*\\.[0-9]*\\.[0-9]*\\.[0-9]* ]]; then\n\necho \"Configure network for static IP\"\ncat > ./configure_Nic <<'EOF'\n#! /bin/bash\nnic_mac=@MgmtNIC.mac@\n\n#Check the maching interface name for $interface_name_mac.\ninterfaces=`ls /sys/class/net/`\nfor iface in $interfaces\ndo\n\tmac=`cat /sys/class/net/$iface/address`\n\tif [ ${mac,,} == ${nic_mac,,} ]\n\tthen\n\t\tinterface_name=$iface\n\t\techo $interface_name\n\tfi\ndone\n\n#Configure network and assign static IP\necho \"Configure $interface_name for static.\"\ncat <<CONF>/etc/sysconfig/network/ifcfg-$interface_name \n#This file has been created by Image Streamer.\nNAME=\"$interface_name\"\nDEVICE=\"$interface_name\"\nBOOTPROTO=\"static\"\nSTARTMODE=auto\nIPADDR=\"@MgmtNIC.ipaddress@\"\nNETMASK=\"@MgmtNIC.netmask@\"\nCONF\nservice network restart\nunlink $0\nexit 0\nEOF\n\nelse\n\necho \"Configure network for DHCP\"\ncat > ./configure_Nic <<'EOF'\n#! /bin/bash\nnic_mac=@MgmtNIC.mac@\n\n#Check the maching interface name for $interface_name_mac.\ninterfaces=`ls /sys/class/net/`\nfor iface in $interfaces\ndo\n\tmac=`cat /sys/class/net/$iface/address`\n\tif [ ${mac,,} == ${nic_mac,,} ]\n\tthen\n\t\tinterface_name=$iface\n\t\techo $interface_name\n\tfi\ndone\n\n#Configure network and assign dhcp IP\necho \"Configure $interface_name for DHCP\"\ncat <<CONF>/etc/sysconfig/network/ifcfg-$interface_name \n#This file has been created by Image Streamer.\nNAME=\"$interface_name\"\nDEVICE=\"$interface_name\"\nBOOTPROTO=\"dhcp\"\nSTARTMODE=auto\nCONF\nservice network restart\nunlink $0\nexit 0\nEOF\n\nfi\n\nexit 0\nEND\ndownload /tmp/ImageStreamer/Configure-NIC ./Configure-NIC\n!source ./Configure-NIC\n\nupload ./configure_Nic  /tmp/configure_Nic\n\n#Add the generated script to rc.local to run at boot time.\n!echo \"sh /tmp/configure_Nic\" >> ./after.local"}