{"type":"OeBuildPlan","dependentArtifacts":null,"customAttributes":[{"constraints":"{\"ipv4static\":true,\"ipv4dhcp\":true,\"parameters\":[\"dhcp\",\"ipaddress\",\"mac\",\"netmask\"]}","description":"","name":"MgmtNIC","value":null,"type":"nic"}],"buildStep":[{"planScriptName":"SLES-12-mount-and-validate","planScriptUri":"/rest/plan-scripts/487d75e6-ab29-4807-8b78-3f9d685eb778","serialNumber":"1","parameters":null},{"planScriptName":"SLES-12-configure-NIC","planScriptUri":"/rest/plan-scripts/2d801858-a648-4650-bbbd-1bbffdba5e9a","serialNumber":"2","parameters":null},{"planScriptName":"SLES-12-unmount","planScriptUri":"/rest/plan-scripts/b55a22b6-eeed-42c5-ad6c-a8748ba8bb0b","serialNumber":"3","parameters":null}],"category":null,"etag":null,"eTag":null,"created":null,"modified":null,"hpProvided":true,"buildPlanid":"48247725-0b64-4a12-8c66-67ce5817401e","oeBuildPlanType":"deploy","description":"","uri":null,"status":null,"name":"SLES-12-sample-BP"}