{"type":"PlanScript","dependentArtifacts":null,"hpProvided":true,"category":null,"eTag":null,"created":null,"modified":null,"customAttributes":null,"planType":"general","description":"It removes the temporary directory created during mount and unmounts the root partition.","uri":null,"status":null,"name":"SLES-12-unmount","id":"b55a22b6-eeed-42c5-ad6c-a8748ba8bb0b","state":null,"content":"!echo \"mv -f /etc/init.d/after.local.backup /etc/init.d/after.local\" >> ./after.local\n\n#upload after.local\nupload ./after.local /etc/init.d/after.local\nchmod 755 /etc/init.d/after.local\n#Upload backup file.\nupload ./after.local.backup /etc/init.d/after.local.backup\n\necho \"####\"\ncat /etc/init.d/after.local\necho \"####\"\n\n#Remove the temporary directpory created\nrm-rf /tmp/ImageStreamer\n\n#unmount the root partition\n\nunmount /"}