{"type":"OeBuildPlan","dependentArtifacts":null,"customAttributes":[{"constraints":"{}","description":"","name":"FirstNicTeamName","value":"team0","type":"string"},{"constraints":"{\"unit\":\"GiB\"}","description":"","name":"LogicalVolumeSize","value":"15","type":"number"},{"constraints":"{\"options\":[\"Enabled\",\"Disabled\"]}","description":"","name":"SSH","value":"Enabled","type":"option"},{"constraints":"{}","description":"","name":"NewUsers","value":"","type":"string"},{"constraints":"{\"maxlen\":\"10\"}","description":"","name":"NewUsersPassword","value":"","type":"password"},{"constraints":"{}","description":"","name":"DiskName","value":"/dev/sda","type":"string"},{"constraints":"{\"unit\":\"GiB\"}","description":"","name":"FirstPartitionSize","value":"10","type":"number"},{"constraints":"{\"ipv4static\":false,\"ipv4dhcp\":true,\"ipv4disable\":true,\"parameters\":[\"mac\"]}","description":"","name":"Team1NIC2","value":null,"type":"nic"},{"constraints":"{\"unit\":\"GiB\"}","description":"","name":"SecondPartitionSize","value":"10","type":"number"},{"constraints":"{\"options\":[\"1\",\"2\"]}","description":"","name":"TotalNicTeamings","value":"1","type":"option"},{"constraints":"{\"ipv4static\":true,\"ipv4dhcp\":true,\"ipv4disable\":true,\"parameters\":[\"gateway\",\"ipaddress\",\"mac\"]}","description":"","name":"Team1NIC1","value":null,"type":"nic"},{"constraints":"{}","description":"","name":"BootstrapLink","value":"","type":"string"},{"constraints":"{}","description":"","name":"SecondNicTeamName","value":"team1","type":"string"},{"constraints":"{\"ipv4static\":false,\"ipv4dhcp\":true,\"ipv4disable\":true,\"parameters\":[\"mac\"]}","description":"","name":"Team0NIC2","value":null,"type":"nic"},{"constraints":"{\"ipv4static\":true,\"ipv4dhcp\":true,\"ipv4disable\":true,\"parameters\":[\"gateway\",\"ipaddress\",\"mac\"]}","description":"","name":"Team0NIC1","value":null,"type":"nic"},{"constraints":"{\"helpText\":\"\"}","description":"","name":"DomainName","value":"","type":"fqdn"},{"constraints":"{}","description":"","name":"LogicalVolumeName","value":"new_vol","type":"string"},{"constraints":"{\"options\":[\"No\",\"Yes\"]}","description":"","name":"UpdateYum","value":"No","type":"option"},{"constraints":"{\"maxlen\":\"10\"}","description":"","name":"NewRootPassword","value":"","type":"password"},{"constraints":"{}","description":"","name":"LogicalVolumeGroupName","value":"new_vol_group","type":"string"}],"buildStep":[{"planScriptName":"RHEL-7.3-mount-and-validate","planScriptUri":"/rest/plan-scripts/3c59e0a8-e2fa-448b-ac90-476afcf1ca28","parameters":null,"serialNumber":"1"},{"planScriptName":"RHEL-7.3-configure-users","planScriptUri":"/rest/plan-scripts/4524303c-6673-43a3-a1dc-21ad2d8dae05","parameters":null,"serialNumber":"2"},{"planScriptName":"RHEL-7.3-configure-multiple-NIC-teaming","planScriptUri":"/rest/plan-scripts/0058185f-8d2c-4109-b0de-19d41463c304","parameters":null,"serialNumber":"3"},{"planScriptName":"RHEL-7.3-configure-hostname","planScriptUri":"/rest/plan-scripts/5d1d1457-b764-413c-a9cf-f932d6b81663","parameters":null,"serialNumber":"4"},{"planScriptName":"RHEL-7.3-manage-services","planScriptUri":"/rest/plan-scripts/c5851484-2442-4a5f-a611-9293e0d7d707","parameters":null,"serialNumber":"5"},{"planScriptName":"RHEL-7.3-configure-partition-using-LVM","planScriptUri":"/rest/plan-scripts/dea04ee8-1673-4df2-a7b2-cd88b6a6d1cf","parameters":null,"serialNumber":"6"},{"planScriptName":"RHEL-7.3-register-rhel","planScriptUri":"/rest/plan-scripts/37a7b544-9120-440d-8e9b-b71049dd8843","parameters":null,"serialNumber":"7"},{"planScriptName":"RHEL-7.3-unmount","planScriptUri":"/rest/plan-scripts/4d406fdb-aa40-4bf2-93ed-cacf67c1ff9a","parameters":null,"serialNumber":"8"}],"category":null,"eTag":null,"created":null,"modified":null,"etag":null,"hpProvided":true,"buildPlanid":"7ea7abe2-dda8-4b34-8198-864d82a7cb2f","oeBuildPlanType":"deploy","description":"","uri":null,"status":null,"name":"RHEL-7.3-personalize-and-NIC-teamings-reg-rhel-LVM-BP"}