{"type":"PlanScript","dependentArtifacts":null,"hpProvided":true,"category":null,"eTag":null,"created":null,"modified":null,"customAttributes":null,"planType":"deploy","description":"Configures NICs.","uri":null,"status":null,"name":"RHEL-7.3-configure-multiple-NICs","id":"dfec35ea-890a-44a0-ab92-2e4cba634de8","state":null,"content":"upload -<<END /tmp/MgmtNIC-configure\n#! /bin/bash\nnet_mac=$1\nnet_ip=$2\nnet_gw=$3\n\n#Check the maching interface name for $net_mac.\ninterfaces=`ls /sys/class/net/`\nfor iface in $interfaces\ndo\n\tmac=`cat /sys/class/net/$iface/address`\n\tif [ ${mac,,} == ${net_mac,,} ]\n\tthen\n\t\tinterface_name=$iface\n\t\techo $interface_name >> /tmp/interface_names\n\tfi\ndone\n\nnmcli con add con-name $interface_name type ethernet ifname $interface_name\n\nif [[ -z $net_ip ]]\nthen\necho \"Configure $interface_name for DHCP\"\n\tnmcli con modify $interface_name ipv4.method auto\n\tnmcli con modify $interface_name connection.autoconnect yes\nelse\necho \"Configure $interface_name for static.\"\n\n\tnmcli con modify $interface_name ipv4.addresses $net_ip\n\tnmcli con modify $interface_name ipv4.gateway $net_gw\n\tnmcli con modify $interface_name ipv4.method manual\n\tnmcli con modify $interface_name connection.autoconnect yes\n\tsed -ie 's/BOOTPROTO=none/BOOTPROTO=static/g' /etc/sysconfig/network-scripts/ifcfg-$interface_name\nfi\nexit 0\nEND\n\nupload -<<END /tmp/ImageStreamer/network-configuration\n#! /bin/bash\nNICs_count=@TotalMgmtNICs:1@\nfor i in `seq 1 $NICs_count`\ndo\n\tif [ $i -eq 1 ];then\n\t\tif [[ \"@ManagementNIC1.ipaddress@\" =~ [0-9]*\\.[0-9]*\\.[0-9]*\\.[0-9]* ]]; then\n\t\t\techo \"sh /tmp/MgmtNIC-configure @ManagementNIC1.mac@ @ManagementNIC1.ipaddress@ @ManagementNIC1.gateway@\" >> ./rc.local\n\t\telse\n\t\t\techo \"sh /tmp/MgmtNIC-configure @ManagementNIC1.mac@\" >> ./rc.local\n\t\tfi\n\telif [ $i -eq 2 ];then\n\t\tif [[ \"@ManagementNIC2.ipaddress@\" =~ [0-9]*\\.[0-9]*\\.[0-9]*\\.[0-9]* ]]; then\n\t\t\techo \"sh /tmp/MgmtNIC-configure @ManagementNIC2.mac@ @ManagementNIC2.ipaddress@ @ManagementNIC2.gateway@\" >> ./rc.local\n\t\telse\n\t\t\techo \"sh /tmp/MgmtNIC-configure @ManagementNIC2.mac@\" >> ./rc.local\n\t\tfi\n\telif [ $i -eq 3 ];then\n\t\tif [[ \"@ManagementNIC3.ipaddress@\" =~ [0-9]*\\.[0-9]*\\.[0-9]*\\.[0-9]* ]]; then\n\t\t\techo \"sh /tmp/MgmtNIC-configure @ManagementNIC3.mac@ @ManagementNIC3.ipaddress@ @ManagementNIC3.gateway@\" >> ./rc.local\n\t\telse\n\t\t\techo \"sh /tmp/MgmtNIC-configure @ManagementNIC3.mac@\" >> ./rc.local\n\t\tfi\n\telif [ $i -eq 4 ];then\n\t\tif [[ \"@ManagementNIC4.ipaddress@\" =~ [0-9]*\\.[0-9]*\\.[0-9]*\\.[0-9]* ]]; then\n\t\t\techo \"sh /tmp/MgmtNIC-configure @ManagementNIC4.mac@ @ManagementNIC4.ipaddress@ @ManagementNIC4.gateway@\" >> ./rc.local\n\t\telse\n\t\t\techo \"sh /tmp/MgmtNIC-configure @ManagementNIC4.mac@\" >> ./rc.local\n\t\tfi\n\tfi\ndone\necho \"service network restart\" >> ./rc.local\necho \"rm -f /tmp/MgmtNIC-configure\" >> ./rc.local\nexit 0\nEND\n\ndownload /tmp/ImageStreamer/network-configuration ./network-configuration\n!source ./network-configuration"}