{"type":"PlanScript","dependentArtifacts":null,"hpProvided":true,"category":null,"eTag":null,"created":null,"modified":null,"customAttributes":null,"planType":"deploy","description":"","uri":null,"status":null,"name":"RHEL-7.3-configure-NIC","id":"05ac2201-afc8-4849-bd39-507d0b9f82dd","state":null,"content":"# Configures the Mgmt NIC.\nupload -<<END /tmp/ImageStreamer/Configure-NIC\n#! /bin/bash\n########################################################\n# TO DO: The NIC.dhcp value is not being expanded correctly it should give some\n# value like DHCP or static depending on the user choice in server profile. Once\n# that defect is fixed the script should be changed. To use a conditional like:\n#      if [ \"@MgmtNIC.dhcp@\" == \"DHCP\" ]; then\n########################################################\nif [[ \"@MgmtNIC.ipaddress@\" =~ [0-9]*\\.[0-9]*\\.[0-9]*\\.[0-9]* ]]; then\n\necho \"Configure network for static IP\"\ncat > ./configure_Nic <<'EOF'\n#! /bin/bash\nnic_mac=@MgmtNIC.mac@\n\n#Check the maching interface name for nic_mac.\ninterfaces=`ls /sys/class/net/`\nfor iface in $interfaces\ndo\n\tmac=`cat /sys/class/net/$iface/address`\n\tif [ ${mac,,} == ${nic_mac,,} ]\n\tthen\n\t\techo $iface $mac\n\t\tinterface_name=$iface\n\t\techo $interface_name\n\tfi\ndone\n\n\n#Configure network and assign static IP\nnmcli con add con-name $interface_name type ethernet ifname $interface_name \nnmcli con modify $interface_name ipv4.addresses @MgmtNIC.ipaddress@\nnmcli con modify $interface_name ipv4.gateway @MgmtNIC.gateway@\nnmcli con modify $interface_name connection.autoconnect yes\nservice network restart\nunlink $0\nexit 0\nEOF\n\nelse\n\necho \"Configure network for DHCP\"\ncat > ./configure_Nic <<'EOF'\n#! /bin/bash\nnic_mac=@MgmtNIC.mac@\n\n#Check the maching interface name for nic_mac.\ninterfaces=`ls /sys/class/net/`\nfor iface in $interfaces\ndo\n\tmac=`cat /sys/class/net/$iface/address`\n\tif [ ${mac,,} == ${nic_mac,,} ]\n\tthen\n\t\techo $iface $mac\n\t\tinterface_name=$iface\n\t\techo $interface_name\n\tfi\ndone\n\n#Configure network and assign dhcp IP\nnmcli con add con-name $interface_name type ethernet ifname $interface_name\nnmcli con modify $interface_name ipv4.method auto\nnmcli con modify $interface_name connection.autoconnect yes\nservice network restart\nunlink $0\nexit 0\nEOF\n\nfi\n\nexit 0\nEND\ndownload /tmp/ImageStreamer/Configure-NIC ./Configure-NIC\n!source ./Configure-NIC\n\nupload ./configure_Nic  /tmp/configure_Nic\n\n#Add the generated script to rc.local to run at boot time.\n!echo \"sh /tmp/configure_Nic\" >> rc.local"}