{"type":"OeBuildPlan","dependentArtifacts":null,"customAttributes":[{"constraints":"{\"ipv4static\":true,\"ipv4dhcp\":true,\"parameters\":[\"dhcp\",\"gateway\",\"ipaddress\",\"mac\"]}","description":"","name":"MgmtNIC","value":null,"type":"nic"}],"buildStep":[{"planScriptName":"RHEL-7.3-mount-and-validate","planScriptUri":"/rest/plan-scripts/cacd415f-2c30-4fbc-b2c9-6d7115cc3319","serialNumber":"1","parameters":null},{"planScriptName":"RHEL-7.3-configure-NIC","planScriptUri":"/rest/plan-scripts/05ac2201-afc8-4849-bd39-507d0b9f82dd","serialNumber":"2","parameters":null},{"planScriptName":"RHEL-7.3-unmount","planScriptUri":"/rest/plan-scripts/55bdaa7a-e568-4328-9e5a-32500bc2231f","serialNumber":"3","parameters":null}],"category":null,"etag":null,"eTag":null,"created":null,"modified":null,"hpProvided":true,"buildPlanid":"82de3c68-d350-482a-b963-3b558c79f38e","oeBuildPlanType":"deploy","description":"","uri":null,"status":null,"name":"RHEL-7.3-sample-BP"}