{"type":"PlanScript","dependentArtifacts":null,"hpProvided":true,"category":null,"eTag":null,"created":null,"modified":null,"customAttributes":null,"planType":"general","description":"Plan Script mounts the root partition of the image along with that it will validate image to check whether it is appropriate image to use.","uri":null,"status":null,"name":"RHEL-7.3-mount-and-validate","id":"cacd415f-2c30-4fbc-b2c9-6d7115cc3319","state":null,"content":"# List the Volume Group and lvols:\nvgs\nlvs\nlist-filesystems\n\n# Mount the root partition (Assume that the partition type is Standard)\n-mount /dev/sda3 /\n# Mount the root partition (Assume that the partition type is LVM type)\n-mount /dev/rhel/root /\n\n\n#Create temporary directory\nmkdir-p /tmp/ImageStreamer\n\ndownload /etc/os-release ./os-release\n\n#Validate the Image\nupload -<<END /tmp/ImageStreamer/validate_image\n#! /bin/bash\nfile=\"./os-release\"\nexp_os='\"Red Hat Enterprise Linux Server\"'\nexp_ver='\"7.3\"'\nif [ -f $file ]\n then\n os_name=`cat $file | grep -w \"NAME\" | awk -F'[=]' '{print $2}'`\n version_id=`cat $file | grep \"VERSION_ID\" | awk -F'[=]' '{print $2}'`\n\n if [[ $os_name == $exp_os ]]\n then\n  #Validate version \n  if [ $version_id == $exp_ver ]\n  then\n   echo \"##########################\"\n   echo \"Image validation successfully completed!!!\"\n   echo \"Detected OS: $os_name $version_id\"\n   echo \"Operating system is matching with the expected Operating System\"\n   echo \"##########################\"\n  else\n   echo \"##########################\"\n   echo \"Image validation failed : Operating system is NOT matching with the expected Operating System\"\n   echo \"Please ensure that the golden image of Red Hat Enterprise Linux Server 7.3\"\n   echo \"##########################\"\n   exit 1\n  fi\n fi\nelse\n echo \"##########################\"\n echo \"Image validation failed : Operating system is NOT matching with the expected Operating System\"\n echo \"Please ensure that the golden image of Red Hat Enterprise Linux Server 7.3\"\n echo \"##########################\"\n exit 1\nfi\nEND\n\ndownload /tmp/ImageStreamer/validate_image ./validate_image\n!source ./validate_image\n\necho \"Check Image Streamer capture details\"\n-download /ImageStreamerCapture ./ImageStreamerCapture\n\nupload -<<END /tmp/ImageStreamer/check_capture\n#!/bin/bash\nif [ -f ./ImageStreamerCapture ]; then\n    echo \"Capture details:\"\n    cat ./ImageStreamerCapture\nelse\n    echo\n    echo \"WARNING: RHEL 7.3 Golden Image was not captured by Image Streamer.\"\n    echo \"Golden Image may not be prepared for correct personalization.\"\n    echo \"Recommend deploying Golden Image as is and capturing a new\"\n    echo \"Golden Image using Image Streamer via correct capture Build Plan\"\n    echo\nfi\necho\nEND\ndownload /tmp/ImageStreamer/check_capture ./check_capture\n!source ./check_capture\n\n-rm-f /ImageStreamerCapture\n\necho \"Copy out rc.local\"\ndownload /etc/rc.d/rc.local rc.local\n#Take a backup\necho \"Take a backup of rc.local\"\ndownload /etc/rc.d/rc.local rc.local.backup\n\n#Setup rc.local file to run scripts at the boot time.\n!echo \"#The following commands has been added from the Image Streamer\" >> rc.local"}