{"type":"OeBuildPlan","dependentArtifacts":null,"customAttributes":[{"constraints":"{\"options\":[\"Enabled\",\"Disabled\"]}","description":"","name":"SSH","value":"Enabled","type":"option"},{"constraints":"{}","description":"","name":"FirstNicTeamName","value":"team0","type":"string"},{"constraints":"{\"unit\":\"GiB\"}","description":"","name":"LogicalVolumeSize","value":"15","type":"number"},{"constraints":"{}","description":"","name":"NewUsers","value":"","type":"string"},{"constraints":"{\"maxlen\":\"10\"}","description":"","name":"NewUsersPassword","value":"","type":"password"},{"constraints":"{}","description":"","name":"DiskName","value":"/dev/sda","type":"string"},{"constraints":"{\"unit\":\"GiB\"}","description":"","name":"FirstPartitionSize","value":"10","type":"number"},{"constraints":"{\"ipv4static\":false,\"ipv4dhcp\":true,\"parameters\":[\"mac\"]}","description":"","name":"Team1NIC2","value":"","type":"nic"},{"constraints":"{\"unit\":\"GiB\"}","description":"","name":"SecondPartitionSize","value":"10","type":"number"},{"constraints":"{\"options\":[\"1\",\"2\"]}","description":"","name":"TotalNicTeamings","value":"1","type":"option"},{"constraints":"{\"ipv4static\":true,\"ipv4dhcp\":true,\"parameters\":[\"gateway\",\"ipaddress\",\"mac\"]}","description":"","name":"Team1NIC1","value":"","type":"nic"},{"constraints":"{}","description":"","name":"BootstrapLink","value":"","type":"string"},{"constraints":"{\"ipv4static\":false,\"ipv4dhcp\":true,\"parameters\":[\"mac\"]}","description":"","name":"Team0NIC2","value":"","type":"nic"},{"constraints":"{}","description":"","name":"SecondNicTeamName","value":"team1","type":"string"},{"constraints":"{\"ipv4static\":true,\"ipv4dhcp\":true,\"parameters\":[\"gateway\",\"ipaddress\",\"mac\"]}","description":"","name":"Team0NIC1","value":"","type":"nic"},{"constraints":"{\"helpText\":\"\"}","description":"","name":"DomainName","value":"","type":"fqdn"},{"constraints":"{}","description":"","name":"LogicalVolumeName","value":"new_vol","type":"string"},{"constraints":"{\"options\":[\"No\",\"Yes\"]}","description":"","name":"UpdateYum","value":"No","type":"option"},{"constraints":"{\"maxlen\":\"10\"}","description":"","name":"NewRootPassword","value":"","type":"password"},{"constraints":"{}","description":"","name":"LogicalVolumeGroupName","value":"new_vol_group","type":"string"}],"buildStep":[{"planScriptName":"RHEL-7.2-mount-and-validate","planScriptUri":"/rest/plan-scripts/0a5cd7e1-78f2-4e49-825f-c3256e00acf0","serialNumber":"1","parameters":null},{"planScriptName":"RHEL-7.2-configure-users","planScriptUri":"/rest/plan-scripts/f5b3319d-3f9a-4575-9934-430809e8b180","serialNumber":"2","parameters":null},{"planScriptName":"RHEL-7.2-configure-multiple-NIC-teaming","planScriptUri":"/rest/plan-scripts/fdb7a2bf-5845-4451-bf9c-56f4ca1cc95a","serialNumber":"3","parameters":null},{"planScriptName":"RHEL-7.2-configure-hostname","planScriptUri":"/rest/plan-scripts/3a4fee0a-6dc0-42d5-9263-bebae19df718","serialNumber":"4","parameters":null},{"planScriptName":"RHEL-7.2-manage-services","planScriptUri":"/rest/plan-scripts/bb275584-fac9-4c10-8301-ed61066dc664","serialNumber":"5","parameters":null},{"planScriptName":"RHEL-7.2-configure-partition-using-LVM","planScriptUri":"/rest/plan-scripts/ee41b747-508a-45d5-aba1-000723aed3fa","serialNumber":"6","parameters":null},{"planScriptName":"RHEL-7.2-register-rhel","planScriptUri":"/rest/plan-scripts/ea8ac806-0cd1-4fed-890b-45de53cc4d95","serialNumber":"7","parameters":null},{"planScriptName":"RHEL-7.2-unmount","planScriptUri":"/rest/plan-scripts/f6183884-8c63-430d-8508-ec041d78c18b","serialNumber":"8","parameters":null}],"category":null,"etag":null,"eTag":null,"created":null,"modified":null,"hpProvided":false,"buildPlanid":"0ca266d3-2443-4ee1-b435-cbbe3f1cc82d","oeBuildPlanType":"deploy","description":"","uri":null,"status":null,"name":"RHEL-7.2-personalize-and-NIC-teamings-reg-rhel-LVM-BP"}