{"type":"PlanScript","dependentArtifacts":null,"hpProvided":true,"category":null,"eTag":null,"created":null,"modified":null,"customAttributes":null,"planType":"deploy","description":"","uri":null,"status":null,"name":"RHEL-7.2-register-rhel","id":"ea8ac806-0cd1-4fed-890b-45de53cc4d95","state":null,"content":"upload -<<END /tmp/reg_OS\n#Check whether the OS register. If NOT do Registartion.\nrepo_lists=`yum repolist all | grep \"repolist\" | cut -d: -f2`\nif [ $repo_lists == 0 ]; then\n\trpm --import /etc/pki/rpm-gpg/RPM-GPG-KEY-redhat-release\n\tcurl -O @BootstrapLink@\n\tif [ @UpdateYum:No@ == No ]\n\tthen\n\t\tsed -i '/FULLY_UPDATE_THIS_BOX=1/c\\FULLY_UPDATE_THIS_BOX=0' bootstrap.sh\n\tfi\n\tsh bootstrap.sh\nelse\n\techo \"This OS is already regisered!!!\"\nfi\nunlink $0\nexit 0\nEND\n\n#Add command to rc.local to run on boot time.\n!echo \"sh /tmp/reg_OS\" >> rc.local"}