{"type":"PlanScript","dependentArtifacts":null,"hpProvided":true,"category":null,"eTag":null,"created":null,"modified":null,"customAttributes":null,"planType":"deploy","description":"Helps to change the root password and to add a new user to the server based on user input.","uri":null,"status":null,"name":"RHEL-7.2-configure-users","id":"f5b3319d-3f9a-4575-9934-430809e8b180","state":null,"content":"# Change root's password \nupload -<<END /tmp/change_root_passwd\n#! /bin/bash\necho \"@NewRootPassword@\" | passwd root --stdin\nunlink $0\nEND\n\n#Script to add new user and create password for new user\nupload -<<END /tmp/add_users\n#!/bin/bash\n\nusers_string=\"@NewUsers@\"\n\n#Users will be added with the same password. On first login users has to change their password.\npassword=\"@NewUsersPassword@\"\nIFS=',; ' read -r -a array <<< \"$users_string\"\nfor user in \"${array[@]}\"\ndo\n\tif [ $(id -u) -eq 0 ]; then\n\t\t\tegrep \"$user\" /etc/passwd >/dev/null\n\t\t\tif [ $? -eq 0 ]; then\n\t\t\t\t\techo \"Warning: $user exists!\"\n\t\t\telse\n\t\t\t\t\tuseradd -m $user\n\t\t\t\t\techo $password | passwd $user --stdin\n\t\t\t\t\t[ $? -eq 0 ] && echo \"User $user has been added to system!\" || echo \"Failed to add a user!\"\n\t\t\tfi\n\telse\n\t\t\techo \"Error: Unable to add $user\"\n\tfi\ndone\nunlink $0\nEND\n\n#Add script to rc.local to run at boot time.\n!echo \"sh /tmp/change_root_passwd\" >> rc.local\n\n#Add script to rc.local to run at boot time.\n!echo \"sh /tmp/add_users\" >> rc.local"}