{"type":"PlanScript","dependentArtifacts":null,"hpProvided":true,"category":null,"eTag":null,"created":null,"modified":null,"customAttributes":null,"planType":"capture","description":"","uri":null,"status":null,"name":"SLES-12-mount-generalize","id":"3b093c38-a1bc-427b-92d3-85c6d2f17e7b","state":null,"content":"# List the Volume Group and lvols:\nvgs\nlvs\nlist-filesystems\n\n# Mount the root partition\nmount /dev/sda3 /\n\n#Create temporary directory\nmkdir-p /tmp/ImageStreamer\n\n#Validate the Image\n\ndownload /etc/os-release ./os-release\n\nupload -<<END /tmp/ImageStreamer/validate_image\n#! /bin/bash\nfile=\"./os-release\"\nexp_os='\"SLES\"'\nexp_ver='\"12.1\"'\nif [ -f $file ]\n then\n os_name=`cat ./os-release | grep -w \"NAME\" | awk -F'[=]' '{print $2}'`\n version_id=`cat ./os-release | grep \"VERSION_ID\" | awk -F'[=]' '{print $2}'`\n\n if [[ $os_name == $exp_os ]]\n then\n  #Validate version \n  if [ $version_id == $exp_ver ]\n  then\n   echo \"##########################\"\n   echo \"Image validation successfully completed!!!\"\n   echo \"Detected OS: $os_name $version_id\"\n   echo \"Operating system is matching with the expected Operating System\"\n   echo \"##########################\"\n  else\n   echo \"##########################\"\n   echo \"Image validation failed : Operating system is NOT matching with the expected Operating System\"\n   echo \"Please ensure that the golden image of SLES 12.\"\n   echo \"##########################\"\n   exit 1\n  fi\n fi\nelse\n echo \"##########################\"\n echo \"Image validation failed : Operating system is NOT matching with the expected Operating System\"\n echo \"Please ensure that the golden image of SLES 12.\"\n echo \"##########################\"\n exit 1\nfi\nEND\n\ndownload /tmp/ImageStreamer/validate_image ./validate_image\n!source ./validate_image"}