{"type":"PlanScript","dependentArtifacts":null,"hpProvided":true,"category":null,"eTag":null,"created":null,"modified":null,"customAttributes":null,"planType":"capture","description":"","uri":null,"status":null,"name":"SLES-12-generalize-network","id":"69de9d5f-a447-4016-b23a-9d4d72b6889a","state":null,"content":"#Generalize the network\n!mkdir new_network\n\n#Copy \"/etc/sysconfig/network/\" directory\ncopy-out /etc/sysconfig/network/ new_network/\n\nupload -<<END /tmp/ImageStreamer/gen_network_conf \n#!/bin/bash\nnet_cfg_files=`ls new_network/network/ | grep \"ifcfg-\"`\n\nfor net_cfg_file in $net_cfg_files\ndo\n\tif [ $net_cfg_file  != \"ifcfg-lo\" ]\n\tthen\n\t\trm -rf new_network/network/$net_cfg_file \n\t\techo \"Network interface cfg file $net_cfg_file successfully removed!!!\" \n\tfi\ndone\nexit 0\nEND\n\ndownload /tmp/ImageStreamer/gen_network_conf ./gen_network_conf\n!source ./gen_network_conf\n\n#Replace the network directory with updated one\nrm-rf /etc/sysconfig/network\n\ncopy-in new_network/network/ /etc/sysconfig/"}