{"type":"OeBuildPlan","dependentArtifacts":null,"customAttributes":[],"buildStep":[{"planScriptName":"SLES-12-mount-generalize","planScriptUri":"/rest/plan-scripts/3b093c38-a1bc-427b-92d3-85c6d2f17e7b","parameters":null,"serialNumber":"1"},{"planScriptName":"SLES-12-generalize-host","planScriptUri":"/rest/plan-scripts/437040ce-33a9-400d-9db8-85ce4f09032d","parameters":null,"serialNumber":"2"},{"planScriptName":"SLES-12-generalize-network","planScriptUri":"/rest/plan-scripts/69de9d5f-a447-4016-b23a-9d4d72b6889a","parameters":null,"serialNumber":"3"},{"planScriptName":"SLES-12-generalize-users","planScriptUri":"/rest/plan-scripts/e5ac1bf4-f87e-4f81-a731-40debfe72ecb","parameters":null,"serialNumber":"4"},{"planScriptName":"SLES-12-unmount-genralize","planScriptUri":"/rest/plan-scripts/dc766af3-9a52-4cb9-b8d3-019a7f7b75a1","parameters":null,"serialNumber":"5"}],"category":null,"eTag":null,"created":null,"modified":null,"etag":null,"hpProvided":true,"buildPlanid":"d6298bc5-28b2-4198-931c-86de0bb03a63","oeBuildPlanType":"capture","description":"","uri":null,"status":null,"name":"SLES-12-generalization"}