{"type":"PlanScript","dependentArtifacts":null,"hpProvided":true,"category":null,"eTag":null,"created":null,"modified":null,"customAttributes":null,"planType":"capture","description":"","uri":null,"status":null,"name":"RHEL-7.2-generalize-users","id":"787f2fc8-c052-41c5-aa68-51dbb8f2d8d5","state":null,"content":"#This script generalizes the users\necho \"---- /etc/passwd ---\"\ncat /etc/passwd\n\necho \"---- /etc/group ---\"\ncat /etc/group\n\n#Download user configuration files\ndownload /etc/passwd ./passwd\ndownload /etc/group ./group\n\nupload -<<END /tmp/ImageStreamer/generalize_users\n#! /bin/bash\nusers=`awk '$0 == \"#Following users have been added from Image Streamer\" {i=1;next};i && i++ <= i' ./passwd | cut -d: -f1`\nfor user in $users\ndo\n\trm -rf /home/$user\ndone\nsed -ie \"/#Following/,$ d\" ./passwd\nsed -ie \"/#Following/,$ d\" ./group\nexit 0\nEND\n\ndownload /tmp/ImageStreamer/generalize_users ./generalize_users\n!source ./generalize_users\n\nupload ./passwd /etc/passwd\nupload ./group /etc/group\n\n\necho \"--- /etc/passwd ---\"\ncat /etc/passwd\n\necho \"--- /etc/group ---\"\ncat /etc/group"}