{"type":"OeBuildPlan","dependentArtifacts":null,"customAttributes":[],"buildStep":[{"planScriptName":"RHEL-7.2-mount-generalize","planScriptUri":"/rest/plan-scripts/f080ef0f-f347-45a1-a0cc-2c0542793e74","parameters":null,"serialNumber":"1"},{"planScriptName":"RHEL-7.2-generalize-host","planScriptUri":"/rest/plan-scripts/c9eab279-4cf4-4da1-9238-ae9352b6a6eb","parameters":null,"serialNumber":"2"},{"planScriptName":"RHEL-7.2-generalize-users","planScriptUri":"/rest/plan-scripts/787f2fc8-c052-41c5-aa68-51dbb8f2d8d5","parameters":null,"serialNumber":"3"},{"planScriptName":"RHEL-7.2-generalize-network","planScriptUri":"/rest/plan-scripts/0650828c-278c-4456-adf6-df4fff03f603","parameters":null,"serialNumber":"4"},{"planScriptName":"RHEL-7.2-unmount-generalize","planScriptUri":"/rest/plan-scripts/debb89a6-faee-45b4-8837-8949485081a2","parameters":null,"serialNumber":"5"}],"category":null,"eTag":null,"created":null,"modified":null,"etag":null,"hpProvided":true,"buildPlanid":"d3eaa2cd-5d5c-4a0b-a72b-5a9940826026","oeBuildPlanType":"capture","description":"","uri":null,"status":null,"name":"RHEL-7.2-generalize"}