{"type":"PlanScript","dependentArtifacts":null,"hpProvided":true,"category":null,"eTag":null,"created":null,"modified":null,"customAttributes":null,"planType":"capture","description":"","uri":null,"status":null,"name":"HPELinux-generalize-users","id":"1482bc1f-a45d-48d4-b023-f69e4051db8a","state":null,"content":"#This script generalizes the users\n#Download user configuration files\ndownload /etc/passwd ./passwd\ndownload /etc/group ./group\n\nupload -<<END /tmp/ImageStreamer/generalize_users\n#! /bin/bash\nsed -ie \"/#Following/,$ d\" ./passwd\nsed -ie \"/#Following/,$ d\" ./group\nexit 0\nEND\n\ndownload /tmp/ImageStreamer/generalize_users ./generalize_users\n!source ./generalize_users\n\nupload ./passwd /etc/passwd\nupload ./group /etc/group\n\n\necho \"--- /etc/passwd ---\"\ncat /etc/passwd\n\necho \"--- /etc/group ---\"\ncat /etc/group"}