{"type":"OeBuildPlan","dependentArtifacts":null,"customAttributes":[],"buildStep":[{"planScriptName":"HPELinux-mount-generalize","planScriptUri":"/rest/plan-scripts/4b899555-d1e0-4f23-a114-72d7d104fdf6","parameters":null,"serialNumber":"1"},{"planScriptName":"HPELinux-generalize-host","planScriptUri":"/rest/plan-scripts/ddd6cf4d-1c43-486c-bdde-73734a8b8492","parameters":null,"serialNumber":"2"},{"planScriptName":"HPELinux-generalize-users","planScriptUri":"/rest/plan-scripts/1482bc1f-a45d-48d4-b023-f69e4051db8a","parameters":null,"serialNumber":"3"},{"planScriptName":"HPELinux-generalize-network","planScriptUri":"/rest/plan-scripts/bcb7233b-6519-44d0-9d68-6ec9396047fd","parameters":null,"serialNumber":"4"},{"planScriptName":"HPELinux-unmount-generalize","planScriptUri":"/rest/plan-scripts/2c400caf-8ac9-4530-a762-eff88e4bb53c","parameters":null,"serialNumber":"5"}],"category":null,"eTag":null,"created":null,"modified":null,"etag":null,"hpProvided":true,"buildPlanid":"48183a75-46fc-4ff7-b7bb-6fc50c602c56","oeBuildPlanType":"capture","description":"","uri":null,"status":null,"name":"HPELinux-generalize"}