{"type":"PlanScript","dependentArtifacts":null,"hpProvided":true,"category":null,"eTag":null,"created":null,"modified":null,"customAttributes":null,"planType":"capture","description":"","uri":null,"status":null,"name":"HPELinux-mount-generalize","id":"4b899555-d1e0-4f23-a114-72d7d104fdf6","state":null,"content":"# List the Volume Group and lvols:\nvgs\nlvs\nlist-filesystems\n\n# Mount the root partition\nmount /dev/os-vg/root /\n\n#Create temporary directory\nmkdir-p /tmp/ImageStreamer\n\ndownload /etc/os-release ./os-release\n\n#Validate the Image\nupload -<<END /tmp/ImageStreamer/validate_image\n#! /bin/bash\nfile=\"./os-release\"\nexp_os='\"hpelinux\"'\nif [ -f $file ]\nthen\n\tos_name=`cat $file | grep -w \"NAME\" | awk -F'[=]' '{print $2}'`\n\tif [[ $os_name == $exp_os ]]\n\tthen\n\t\techo \"##########################\"\n\t\techo \"Image validation successfully completed!!!\"\n\t\techo \"Detected OS: $os_name\"\n\t\techo \"Operating system is matching with the expected Operating System\"\n\t\techo \"##########################\"\n\telse\n\t\techo \"##########################\"\n\t\techo \"Image validation failed : Operating system is NOT matching with the expected Operating System\"\n\t\techo \"Please ensure that the golden image is of hpelinux\"\n\t\techo \"##########################\"\n\t\texit 1\n\tfi\nelse\n\techo \"##########################\"\n\techo \"Image validation failed : Operating system is NOT matching with the expected Operating System\"\n\techo \"Please ensure that the golden image is of hpelinux\"\n\techo \"##########################\"\n\texit 1\nfi\nEND\ndownload /tmp/ImageStreamer/validate_image ./validate_image\n!source ./validate_image"}