{"type":"PlanScript","dependentArtifacts":null,"hpProvided":true,"category":null,"eTag":null,"created":null,"modified":null,"customAttributes":null,"planType":"capture","description":"","uri":null,"status":null,"name":"HPELinux-generalize-network","id":"bcb7233b-6519-44d0-9d68-6ec9396047fd","state":null,"content":"#This script generalizes the network\n\ndownload /etc/network/interfaces ./interfaces\n\nupload -<<END /tmp/ImageStreamer/generalize_network\n#! /bin/bash\nsed -ie \"/#This/,$ d\" ./interfaces\nexit 0\nEND\n\ndownload /tmp/ImageStreamer/generalize_network ./generalize_network\n!source ./generalize_network\n\nupload ./interfaces /etc/network/interfaces"}