{"type":"PlanScript","dependentArtifacts":null,"hpProvided":true,"category":null,"eTag":null,"created":null,"modified":null,"customAttributes":null,"planType":"capture","description":"","uri":null,"status":null,"name":"HPELinux-generalize-host","id":"ddd6cf4d-1c43-486c-bdde-73734a8b8492","state":null,"content":"#Add ImageStreamerCapture file.\nupload -<<END /tmp/ImageStreamer/capture_details\n#!/bin/bash\n\necho \"Construct ImageStreamerCapture details file\"\necho \"HPE Image Streamer Capture for HPELinux \" > ./ImageStreamerCapture\necho \"Complete generalization by host state removal\" >> ./ImageStreamerCapture\ndate >> ./ImageStreamerCapture\nexit 0\nEND\n\ndownload /tmp/ImageStreamer/capture_details ./capture_details\n!source ./capture_details\nupload ./ImageStreamerCapture /ImageStreamerCapture\n\ncat /ImageStreamerCapture\n\nrm-f /tmp/ImageStreamer/capture_details\n\n\n#Generalize /etc/hostname\nupload -<<END /etc/hostname\nlocalhost.localdomain.com\nEND\n\n#Generalize /etc/fstab file\n\ndownload /etc/fstab ./fstab\n\nupload -<<END /tmp/ImageStreamer/generalize_fstab\n#!/bin/bash\nsed -ie \"/#This/ { N; d; }\" ./fstab\nexit 0\nEND\n\ndownload /tmp/ImageStreamer/generalize_fstab ./generalize_fstab\n!source ./generalize_fstab\nupload ./fstab /etc/fstab\n\n-rm-rf /root/LVM-Data1\n\nrm-f /tmp/ImageStreamer/generalize_fstab\n\n#Generalize /etc/hosts file\n\ndownload /etc/hosts ./hosts\nupload -<<END /tmp/ImageStreamer/generalize_hosts\n#!/bin/bash\n\nsed -ie '/#This/ { N; d; }' ./hosts\nexit 0\nEND\n\ndownload /tmp/ImageStreamer/generalize_hosts ./generalize_hosts\n!source ./generalize_hosts\nupload ./hosts /etc/hosts\nrm-f /tmp/ImageStreamer/generalize_hosts\n\n#Generalize /etc/init.d directory\nrm-f /etc/init.d/add_def_route\nrm-f /etc/init.d/rm_add_def_route"}